,f1-score,precision,recall,support
,0.0,0.0,0.0,1.0
"""ADDISON'S DISEASE""",0.0,0.0,0.0,0.0
"""ASPERGER'S DISORDER""",0.0,0.0,0.0,0.0
"""BARRETT'S OESOPHAGUS""",0.0,0.0,0.0,3.0
"""BASEDOW'S DISEASE""",0.0,0.0,0.0,1.0
"""CROHN'S DISEASE""",0.0,0.0,0.0,0.0
"""DEMENTIA ALZHEIMER'S TYPE""",0.0,0.0,0.0,2.0
"""DUPUYTREN'S CONTRACTURE""",0.0,0.0,0.0,0.0
"""HODGKIN'S DISEASE""",0.0,0.0,0.0,0.0
"""KAWASAKI'S DISEASE""",0.0,0.0,0.0,0.0
"""MEIGE'S SYNDROME""",0.0,0.0,0.0,0.0
"""MENIERE'S DISEASE""",0.0,0.0,0.0,3.0
"""NON-HODGKIN'S LYMPHOMA""",0.0,0.0,0.0,0.0
"""PAGET'S DISEASE OF NIPPLE""",0.0,0.0,0.0,0.0
"""PARKINSON'S DISEASE""",0.0,0.0,0.0,1.0
"""PEYRONIE'S DISEASE""",0.0,0.0,0.0,0.0
"""TOURETTE'S DISORDER""",0.0,0.0,0.0,0.0
"""WALDENSTROM'S MACROGLOBULINAEMIA""",0.0,0.0,0.0,0.0
'ABASIA',0.0,0.0,0.0,13.0
'ABDOMINAL ABSCESS',0.0,0.0,0.0,0.0
'ABDOMINAL DISCOMFORT',0.13,0.43,0.08,40.0
'ABDOMINAL DISTENSION',0.14,0.41,0.09,80.0
'ABDOMINAL INFECTION',0.0,0.0,0.0,1.0
'ABDOMINAL MASS',0.0,0.0,0.0,0.0
'ABDOMINAL NEOPLASM',0.0,0.0,0.0,0.0
'ABDOMINAL PAIN LOWER',0.0,0.0,0.0,2.0
'ABDOMINAL PAIN UPPER',0.15,0.5,0.09,280.0
'ABDOMINAL PAIN',0.28,0.51,0.2,427.0
'ABDOMINAL RIGIDITY',0.0,0.0,0.0,2.0
'ABDOMINAL TENDERNESS',0.0,0.0,0.0,0.0
'ABNORMAL BEHAVIOUR',0.0,0.0,0.0,6.0
'ABNORMAL DREAMS',0.0,0.0,0.0,1.0
'ABNORMAL FAECES',0.0,0.0,0.0,1.0
'ABNORMAL LOSS OF WEIGHT',0.0,0.0,0.0,0.0
'ABNORMAL SENSATION IN EYE',0.0,0.0,0.0,3.0
'ABNORMAL WEIGHT GAIN',0.0,0.0,0.0,0.0
'ABORTED PREGNANCY',0.0,0.0,0.0,0.0
'ABORTION SPONTANEOUS',0.0,0.0,0.0,8.0
'ABORTION',0.0,0.0,0.0,2.0
'ABSCESS BACTERIAL',0.0,0.0,0.0,0.0
'ABSCESS DRAINAGE',0.0,0.0,0.0,0.0
'ABSCESS FUNGAL',0.0,0.0,0.0,0.0
'ABSCESS',0.0,0.0,0.0,1.0
'ACARODERMATITIS',0.0,0.0,0.0,0.0
'ACCIDENT',0.0,0.0,0.0,1.0
'ACCIDENTAL DRUG INTAKE BY CHILD',0.0,0.0,0.0,5.0
'ACCIDENTAL EXPOSURE TO PRODUCT BY CHILD',0.0,0.0,0.0,1.0
'ACCIDENTAL EXPOSURE TO PRODUCT',0.0,0.0,0.0,2.0
'ACCIDENTAL EXPOSURE',0.0,0.0,0.0,0.0
'ACCIDENTAL OVERDOSE',0.0,0.0,0.0,3.0
'ACCIDENTAL POISONING',0.0,0.0,0.0,0.0
'ACID FAST BACILLI INFECTION',0.0,0.0,0.0,0.0
'ACIDOSIS',0.0,0.0,0.0,0.0
'ACNE CYSTIC',0.0,0.0,0.0,0.0
'ACNE PUSTULAR',0.0,0.0,0.0,0.0
'ACNE',0.0,0.0,0.0,7.0
'ACROMEGALY',0.0,0.0,0.0,1.0
'ACTIVITIES OF DAILY LIVING IMPAIRED',0.33,1.0,0.2,5.0
'ACUTE HEPATIC FAILURE',0.0,0.0,0.0,4.0
'ACUTE MYELOID LEUKAEMIA',0.0,0.0,0.0,0.0
'ACUTE MYOCARDIAL INFARCTION',0.0,0.0,0.0,0.0
'ACUTE PSYCHOSIS',0.0,0.0,0.0,2.0
'ACUTE RESPIRATORY DISTRESS SYNDROME',0.0,0.0,0.0,0.0
'ADENOCARCINOMA',0.0,0.0,0.0,0.0
'ADENOID CYSTIC CARCINOMA',0.0,0.0,0.0,0.0
'ADENOIDECTOMY',0.0,0.0,0.0,0.0
'ADVERSE DRUG REACTION',0.0,0.0,0.0,2.0
'ADVERSE EVENT',0.0,0.0,0.0,3.0
'ADVERSE REACTION',0.17,0.25,0.12,8.0
'AFFECT LABILITY',0.0,0.0,0.0,1.0
'AGEUSIA',0.0,0.0,0.0,2.0
'AGGRESSION',0.0,0.0,0.0,4.0
'AGITATION',0.0,0.0,0.0,7.0
'AGORAPHOBIA',0.0,0.0,0.0,0.0
'ALANINE AMINOTRANSFERASE INCREASED',0.12,1.0,0.06,31.0
'ALCOHOL POISONING',0.0,0.0,0.0,0.0
'ALKALOSIS HYPOCHLORAEMIC',0.0,0.0,0.0,0.0
'ALLERGY TEST POSITIVE',0.0,0.0,0.0,2.0
'ALLERGY TO CHEMICALS',0.0,0.0,0.0,3.0
'ALLERGY TO METALS',0.0,0.0,0.0,0.0
'ALOPECIA AREATA',0.0,0.0,0.0,0.0
'ALOPECIA EFFLUVIUM',0.0,0.0,0.0,1.0
'ALOPECIA SCARRING',0.0,0.0,0.0,0.0
'ALOPECIA',0.25,0.41,0.18,389.0
'ALPHA-1 ANTI-TRYPSIN DECREASED',0.0,0.0,0.0,0.0
'ALTERED STATE OF CONSCIOUSNESS',0.0,0.0,0.0,1.0
'ALTERED VISUAL DEPTH PERCEPTION',0.0,0.0,0.0,0.0
'AMAUROSIS',0.0,0.0,0.0,0.0
'AMENORRHOEA',0.0,0.0,0.0,0.0
'AMMONIA ABNORMAL',0.0,0.0,0.0,0.0
'AMNESIA',0.12,1.0,0.06,16.0
'AMNESTIC DISORDER',0.0,0.0,0.0,0.0
'AMNIOCENTESIS',0.0,0.0,0.0,0.0
'AMNIORRHEXIS',0.0,0.0,0.0,2.0
'AMNIOTIC FLUID VOLUME DECREASED',0.0,0.0,0.0,0.0
'AMPHETAMINES',0.0,0.0,0.0,1.0
'AMYLASE INCREASED',0.0,0.0,0.0,0.0
'ANAEMIA HAEMOLYTIC AUTOIMMUNE',0.0,0.0,0.0,0.0
'ANAEMIA MEGALOBLASTIC',0.0,0.0,0.0,1.0
'ANAEMIA OF PREGNANCY',0.0,0.0,0.0,1.0
'ANAEMIA',0.2,1.0,0.11,18.0
'ANAL FISSURE',0.0,0.0,0.0,1.0
'ANAL HAEMORRHAGE',0.0,0.0,0.0,5.0
'ANAL PRURITUS',0.0,0.0,0.0,1.0
'ANAPHYLACTIC REACTION',0.06,0.2,0.04,28.0
'ANAPHYLACTIC SHOCK',0.24,0.62,0.15,34.0
'ANAPHYLACTOID REACTION',0.0,0.0,0.0,3.0
'ANASTOMOTIC ULCER',0.0,0.0,0.0,1.0
'ANDROGEN DEFICIENCY',0.0,0.0,0.0,1.0
'ANEURYSM RUPTURED',0.0,0.0,0.0,2.0
'ANEURYSM',0.0,0.0,0.0,9.0
'ANGER',0.0,0.0,0.0,2.0
'ANGINA PECTORIS',0.0,0.0,0.0,3.0
'ANGINA UNSTABLE',0.0,0.0,0.0,1.0
'ANGIOEDEMA',0.0,0.0,0.0,6.0
'ANGIOGRAM',0.0,0.0,0.0,0.0
'ANGIONEUROTIC OEDEMA',0.0,0.0,0.0,0.0
'ANGIOPLASTY',0.0,0.0,0.0,1.0
'ANGLE CLOSURE GLAUCOMA',0.0,0.0,0.0,0.0
'ANKLE FRACTURE',0.0,0.0,0.0,2.0
'ANORECTAL DISCOMFORT',0.0,0.0,0.0,1.0
'ANORECTAL DISORDER',0.0,0.0,0.0,0.0
'ANOREXIA',0.0,0.0,0.0,12.0
'ANOSMIA',0.0,0.0,0.0,3.0
'ANTEPARTUM HAEMORRHAGE',0.0,0.0,0.0,0.0
'ANTI-GAD ANTIBODY POSITIVE',0.0,0.0,0.0,0.0
'ANTI-THYROID ANTIBODY',0.0,0.0,0.0,0.0
'ANTI-TRANSGLUTAMINASE ANTIBODY INCREASED',0.0,0.0,0.0,0.0
'ANTIBODY TEST POSITIVE',0.0,0.0,0.0,0.0
'ANTICOAGULATION DRUG LEVEL BELOW THERAPEUTIC',0.0,0.0,0.0,0.0
'ANTINUCLEAR ANTIBODY POSITIVE',0.0,0.0,0.0,0.0
'ANURIA',0.0,0.0,0.0,1.0
'ANXIETY',0.08,0.38,0.05,66.0
'AORTIC ANEURYSM',0.0,0.0,0.0,5.0
'AORTIC CALCIFICATION',0.0,0.0,0.0,1.0
'AORTIC DISSECTION',0.0,0.0,0.0,0.0
'AORTIC OCCLUSION',0.0,0.0,0.0,0.0
'AORTIC RUPTURE',0.0,0.0,0.0,0.0
'AORTIC VALVE DISEASE',0.0,0.0,0.0,0.0
'AORTIC VALVE INCOMPETENCE',0.0,0.0,0.0,0.0
'AORTIC VALVE REPLACEMENT',0.0,0.0,0.0,0.0
'APALLIC SYNDROME',0.0,0.0,0.0,0.0
'APHAGIA',0.0,0.0,0.0,5.0
'APHASIA',0.0,0.0,0.0,4.0
'APHONIA',0.0,0.0,0.0,0.0
'APHTHOUS STOMATITIS',0.0,0.0,0.0,0.0
'APLASTIC ANAEMIA',0.0,0.0,0.0,1.0
'APNOEA',0.0,0.0,0.0,0.0
'APPARENT DEATH',0.0,0.0,0.0,1.0
'APPARENT LIFE THREATENING EVENT',0.0,0.0,0.0,1.0
'APPENDICITIS PERFORATED',0.0,0.0,0.0,0.0
'APPENDICITIS',0.0,0.0,0.0,3.0
'APPENDIX DISORDER',0.0,0.0,0.0,1.0
'APPETITE DISORDER',0.31,0.4,0.25,8.0
'APPLICATION SITE BURN',0.0,0.0,0.0,0.0
'APPLICATION SITE MASS',0.0,0.0,0.0,0.0
'ARGYRIA',0.0,0.0,0.0,0.0
'ARRHYTHMIA',0.0,0.0,0.0,36.0
'ARTERIAL DISORDER',0.0,0.0,0.0,0.0
'ARTERIAL OCCLUSIVE DISEASE',0.0,0.0,0.0,1.0
'ARTERIAL STENOSIS LIMB',0.0,0.0,0.0,0.0
'ARTERIAL STENT INSERTION',0.0,0.0,0.0,0.0
'ARTERIAL THERAPEUTIC PROCEDURE',0.0,0.0,0.0,0.0
'ARTERIOSCLEROSIS CORONARY ARTERY',0.0,0.0,0.0,0.0
'ARTERIOSCLEROSIS',0.0,0.0,0.0,0.0
'ARTERIOSPASM CORONARY',0.0,0.0,0.0,1.0
'ARTERIOVENOUS MALFORMATION',0.0,0.0,0.0,0.0
'ARTERITIS',0.0,0.0,0.0,8.0
'ARTHRALGIA',0.15,0.43,0.09,33.0
'ARTHRITIS',0.0,0.0,0.0,7.0
'ARTHROPATHY',0.0,0.0,0.0,5.0
'ARTHROPOD BITE',0.33,0.5,0.25,4.0
'ASCITES',0.0,0.0,0.0,6.0
'ASPARTATE AMINOTRANSFERASE INCREASED',0.52,0.78,0.39,18.0
'ASPHYXIA',0.0,0.0,0.0,0.0
'ASPIRATION BRONCHIAL',0.0,0.0,0.0,0.0
'ASPIRATION',0.0,0.0,0.0,3.0
'ASTHENIA',0.04,0.33,0.02,100.0
'ASTHENOPIA',1.0,1.0,1.0,1.0
'ASTHMA EXERCISE INDUCED',0.0,0.0,0.0,0.0
'ASTHMA',0.1,0.33,0.06,18.0
'ATAXIA',0.0,0.0,0.0,0.0
'ATELECTASIS',0.0,0.0,0.0,0.0
'ATHEROSCLEROSIS',0.0,0.0,0.0,0.0
'ATRIAL FIBRILLATION',0.0,0.0,0.0,40.0
'ATRIAL FLUTTER',0.0,0.0,0.0,6.0
'ATRIAL TACHYCARDIA',0.0,0.0,0.0,1.0
'ATRIOVENTRICULAR BLOCK SECOND DEGREE',0.0,0.0,0.0,1.0
'ATRIOVENTRICULAR BLOCK',0.0,0.0,0.0,7.0
'ATROPHY',0.0,0.0,0.0,0.0
'ATTENTION DEFICIT/HYPERACTIVITY DISORDER',0.0,0.0,0.0,1.0
'AUDITORY',0.0,0.0,0.0,0.0
'AURA',0.0,0.0,0.0,0.0
'AUTOIMMUNE DISORDER',0.0,0.0,0.0,2.0
'AUTOIMMUNE HEPATITIS',0.0,0.0,0.0,8.0
'AUTOIMMUNE THYROIDITIS',0.0,0.0,0.0,1.0
'AZOTAEMIA',0.0,0.0,0.0,2.0
'BACILLUS INFECTION',0.0,0.0,0.0,1.0
'BACK DISORDER',0.0,0.0,0.0,1.0
'BACK INJURY',0.0,0.0,0.0,2.0
'BACK PAIN',0.1,0.5,0.06,54.0
'BACTERAEMIA',0.0,0.0,0.0,1.0
'BACTERIA URINE IDENTIFIED',0.0,0.0,0.0,3.0
'BACTERIAL INFECTION',0.0,0.0,0.0,10.0
'BACTERIURIA',0.0,0.0,0.0,0.0
'BALANCE DISORDER',0.0,0.0,0.0,6.0
'BASAL CELL CARCINOMA',0.0,0.0,0.0,2.0
'BED REST',0.0,0.0,0.0,0.0
'BEDRIDDEN',0.0,0.0,0.0,1.0
'BENIGN BREAST NEOPLASM',0.0,0.0,0.0,0.0
'BENIGN INTRACRANIAL HYPERTENSION',0.4,0.33,0.5,2.0
'BENIGN LYMPH NODE NEOPLASM',0.0,0.0,0.0,0.0
'BENIGN NEOPLASM OF THYROID GLAND',0.0,0.0,0.0,0.0
'BENIGN OESOPHAGEAL NEOPLASM',0.0,0.0,0.0,0.0
'BENIGN PROSTATIC HYPERPLASIA',0.0,0.0,0.0,0.0
'BILE DUCT OBSTRUCTION',0.0,0.0,0.0,0.0
'BILE DUCT STONE',0.0,0.0,0.0,0.0
'BILIRUBIN CONJUGATED INCREASED',0.0,0.0,0.0,0.0
'BIOPSY BREAST ABNORMAL',0.0,0.0,0.0,0.0
'BIOPSY LIVER ABNORMAL',0.0,0.0,0.0,0.0
'BIOPSY LIVER',0.0,0.0,0.0,0.0
'BIOPSY PROSTATE ABNORMAL',0.0,0.0,0.0,0.0
'BIOPSY URETHRA ABNORMAL',0.0,0.0,0.0,0.0
'BIPOLAR DISORDER',0.0,0.0,0.0,0.0
'BITE',0.0,0.0,0.0,0.0
'BLADDER CANCER',0.0,0.0,0.0,0.0
'BLADDER CATHETER TEMPORARY',0.0,0.0,0.0,0.0
'BLADDER DISCOMFORT',0.0,0.0,0.0,0.0
'BLADDER DISORDER',0.0,0.0,0.0,1.0
'BLADDER IRRITATION',0.0,0.0,0.0,0.0
'BLADDER NEOPLASM',0.0,0.0,0.0,1.0
'BLADDER OBSTRUCTION',0.0,0.0,0.0,0.0
'BLADDER PAIN',0.0,0.0,0.0,5.0
'BLADDER SPASM',0.0,0.0,0.0,0.0
'BLASTOCYSTIS INFECTION',0.0,0.0,0.0,0.0
'BLEEDING PERIPARTUM',0.0,0.0,0.0,0.0
'BLEPHARITIS',0.0,0.0,0.0,0.0
'BLEPHAROSPASM',0.0,0.0,0.0,0.0
'BLINDNESS TRANSIENT',0.0,0.0,0.0,4.0
'BLINDNESS UNILATERAL',0.0,0.0,0.0,2.0
'BLINDNESS',0.0,0.0,0.0,8.0
'BLISTER INFECTED',0.0,0.0,0.0,2.0
'BLISTER',0.14,0.25,0.09,32.0
'BLOOD ALBUMIN DECREASED',0.0,0.0,0.0,0.0
'BLOOD ALKALINE PHOSPHATASE INCREASED',0.22,1.0,0.12,8.0
'BLOOD ALKALINE PHOSPHATASE',0.0,0.0,0.0,0.0
'BLOOD AMYLASE INCREASED',0.0,0.0,0.0,0.0
'BLOOD ARSENIC INCREASED',0.0,0.0,0.0,7.0
'BLOOD BILIRUBIN INCREASED',0.0,0.0,0.0,9.0
'BLOOD BLISTER',0.0,0.0,0.0,2.0
'BLOOD CADMIUM INCREASED',0.0,0.0,0.0,0.0
'BLOOD CAFFEINE INCREASED',0.0,0.0,0.0,2.0
'BLOOD CALCIUM DECREASED',0.0,0.0,0.0,1.0
'BLOOD CALCIUM INCREASED',0.0,0.0,0.0,8.0
'BLOOD CHOLESTEROL ABNORMAL',0.0,0.0,0.0,2.0
'BLOOD CHOLESTEROL DECREASED',0.0,0.0,0.0,1.0
'BLOOD CHOLESTEROL INCREASED',0.0,0.0,0.0,20.0
'BLOOD CHOLESTEROL',0.0,0.0,0.0,0.0
'BLOOD CHROMIUM INCREASED',0.0,0.0,0.0,0.0
'BLOOD CORTICOTROPHIN ABNORMAL',0.0,0.0,0.0,1.0
'BLOOD CORTISOL INCREASED',0.0,0.0,0.0,1.0
'BLOOD COUNT ABNORMAL',0.0,0.0,0.0,5.0
'BLOOD COUNT',0.0,0.0,0.0,0.0
'BLOOD CREATINE DECREASED',0.0,0.0,0.0,1.0
'BLOOD CREATINE INCREASED',0.0,0.0,0.0,0.0
'BLOOD CREATINE PHOSPHOKINASE INCREASED',0.0,0.0,0.0,3.0
'BLOOD CREATINE PHOSPHOKINASE MB INCREASED',0.0,0.0,0.0,0.0
'BLOOD CREATININE INCREASED',0.0,0.0,0.0,4.0
'BLOOD CREATININE NORMAL',0.0,0.0,0.0,1.0
'BLOOD CULTURE POSITIVE',0.0,0.0,0.0,1.0
'BLOOD DISORDER',0.0,0.0,0.0,5.0
'BLOOD ELECTROLYTES ABNORMAL',0.0,0.0,0.0,0.0
'BLOOD ELECTROLYTES DECREASED',0.0,0.0,0.0,1.0
'BLOOD FOLATE INCREASED',0.0,0.0,0.0,2.0
'BLOOD GLUCOSE ABNORMAL',0.57,0.67,0.5,4.0
'BLOOD GLUCOSE DECREASED',0.0,0.0,0.0,13.0
'BLOOD GLUCOSE FLUCTUATION',0.0,0.0,0.0,1.0
'BLOOD GLUCOSE INCREASED',0.05,1.0,0.03,36.0
'BLOOD GROWTH HORMONE INCREASED',0.0,0.0,0.0,0.0
'BLOOD HEAVY METAL INCREASED',0.0,0.0,0.0,0.0
'BLOOD HIV RNA INCREASED',0.0,0.0,0.0,0.0
'BLOOD IMMUNOGLOBULIN A INCREASED',0.0,0.0,0.0,0.0
'BLOOD IRON DECREASED',0.0,0.0,0.0,2.0
'BLOOD IRON INCREASED',0.0,0.0,0.0,1.0
'BLOOD LEAD INCREASED',0.4,1.0,0.25,4.0
'BLOOD MAGNESIUM DECREASED',0.0,0.0,0.0,2.0
'BLOOD MAGNESIUM INCREASED',0.0,0.0,0.0,0.0
'BLOOD MERCURY ABNORMAL',0.0,0.0,0.0,2.0
'BLOOD OESTROGEN INCREASED',0.0,0.0,0.0,0.0
'BLOOD PARATHYROID HORMONE DECREASED',0.0,0.0,0.0,2.0
'BLOOD PARATHYROID HORMONE INCREASED',0.0,0.0,0.0,1.0
'BLOOD PHOSPHORUS DECREASED',0.0,0.0,0.0,1.0
'BLOOD POTASSIUM DECREASED',0.0,0.0,0.0,16.0
'BLOOD POTASSIUM INCREASED',0.0,0.0,0.0,9.0
'BLOOD PRESSURE ABNORMAL',0.0,0.0,0.0,1.0
'BLOOD PRESSURE DECREASED',0.0,0.0,0.0,16.0
'BLOOD PRESSURE DIASTOLIC INCREASED',0.0,0.0,0.0,0.0
'BLOOD PRESSURE FLUCTUATION',0.18,0.5,0.11,9.0
'BLOOD PRESSURE INCREASED',0.01,0.33,0.01,153.0
'BLOOD PRESSURE SYSTOLIC INCREASED',0.0,0.0,0.0,3.0
'BLOOD PRESSURE',0.0,0.0,0.0,6.0
'BLOOD SELENIUM INCREASED',0.0,0.0,0.0,0.0
'BLOOD SODIUM DECREASED',0.0,0.0,0.0,10.0
'BLOOD SODIUM INCREASED',0.0,0.0,0.0,0.0
'BLOOD TEST ABNORMAL',0.0,0.0,0.0,9.0
'BLOOD TEST NORMAL',0.0,0.0,0.0,2.0
'BLOOD TESTOSTERONE ABNORMAL',0.0,0.0,0.0,0.0
'BLOOD TESTOSTERONE DECREASED',0.0,0.0,0.0,1.0
'BLOOD TESTOSTERONE INCREASED',0.0,0.0,0.0,1.0
'BLOOD THYROID STIMULATING HORMONE DECREASED',0.0,0.0,0.0,0.0
'BLOOD THYROID STIMULATING HORMONE INCREASED',0.0,0.0,0.0,2.0
'BLOOD TRIGLYCERIDES ABNORMAL',0.0,0.0,0.0,0.0
'BLOOD TRIGLYCERIDES INCREASED',0.0,0.0,0.0,6.0
'BLOOD TRIGLYCERIDES',0.0,0.0,0.0,0.0
'BLOOD UREA INCREASED',0.0,0.0,0.0,1.0
'BLOOD UREA NITROGEN/CREATININE RATIO INCREASED',0.0,0.0,0.0,0.0
'BLOOD URIC ACID INCREASED',0.0,0.0,0.0,2.0
'BLOOD URINE PRESENT',0.09,1.0,0.05,42.0
'BLOOD URINE',0.0,0.0,0.0,1.0
'BLOOD VISCOSITY DECREASED',0.0,0.0,0.0,0.0
'BLOOD VISCOSITY INCREASED',0.0,0.0,0.0,0.0
'BLOOD ZINC ABNORMAL',0.0,0.0,0.0,2.0
'BLOODY DISCHARGE',0.0,0.0,0.0,0.0
'BODY HEIGHT DECREASED',0.0,0.0,0.0,7.0
'BODY SURFACE AREA DECREASED',0.0,0.0,0.0,0.0
'BODY TEMPERATURE INCREASED',0.26,0.43,0.18,49.0
'BONE DENSITOMETRY',0.0,0.0,0.0,1.0
'BONE DEVELOPMENT ABNORMAL',0.0,0.0,0.0,0.0
'BONE DISORDER',0.0,0.0,0.0,3.0
'BONE LOSS',0.0,0.0,0.0,2.0
'BONE MARROW DISORDER',0.0,0.0,0.0,2.0
'BONE NEOPLASM MALIGNANT',0.0,0.0,0.0,0.0
'BONE OPERATION',0.0,0.0,0.0,0.0
'BONE PAIN',0.0,0.0,0.0,4.0
'BOTULISM',0.0,0.0,0.0,0.0
'BOWEL MOVEMENT IRREGULARITY',0.0,0.0,0.0,2.0
'BRADYCARDIA',0.0,0.0,0.0,4.0
'BRADYPHRENIA',0.0,0.0,0.0,0.0
'BRAIN ABSCESS',0.0,0.0,0.0,1.0
'BRAIN CANCER METASTATIC',0.0,0.0,0.0,0.0
'BRAIN DAMAGE',0.0,0.0,0.0,0.0
'BRAIN NEOPLASM MALIGNANT',0.0,0.0,0.0,1.0
'BRAIN NEOPLASM',0.0,0.0,0.0,2.0
'BRAIN OEDEMA',0.0,0.0,0.0,3.0
'BRAIN SCAN ABNORMAL',0.0,0.0,0.0,1.0
'BRAIN STEM AUDITORY EVOKED RESPONSE ABNORMAL',0.0,0.0,0.0,1.0
'BRAIN STEM HAEMORRHAGE',0.0,0.0,0.0,0.0
'BREAST CANCER FEMALE',0.0,0.0,0.0,2.0
'BREAST CANCER IN SITU',0.0,0.0,0.0,0.0
'BREAST CANCER METASTATIC',0.0,0.0,0.0,0.0
'BREAST CANCER',0.0,0.0,0.0,35.0
'BREAST DISCHARGE',0.0,0.0,0.0,0.0
'BREAST ENGORGEMENT',0.0,0.0,0.0,0.0
'BREAST ENLARGEMENT',0.0,0.0,0.0,0.0
'BREAST FIBROSIS',0.0,0.0,0.0,0.0
'BREAST MASS',0.0,0.0,0.0,5.0
'BREAST PAIN',0.33,0.25,0.5,2.0
'BREAST SWELLING',0.0,0.0,0.0,0.0
'BREAST TENDERNESS',0.0,0.0,0.0,1.0
'BREATH ODOUR',0.0,0.0,0.0,0.0
'BREATH SOUNDS ABNORMAL',0.0,0.0,0.0,0.0
'BREATH SOUNDS',0.0,0.0,0.0,1.0
'BREECH DELIVERY',0.0,0.0,0.0,0.0
'BRONCHITIS',0.0,0.0,0.0,12.0
'BRONCHOSCOPY ABNORMAL',1.0,1.0,1.0,1.0
'BRONCHOSPASM',0.0,0.0,0.0,2.0
'BRONCHOSTENOSIS',0.0,0.0,0.0,1.0
'BRUXISM',0.0,0.0,0.0,1.0
'BURKHOLDERIA CEPACIA COMPLEX INFECTION',0.0,0.0,0.0,0.0
'BURKHOLDERIA CEPACIA INFECTION',0.0,0.0,0.0,2.0
'BURNING SENSATION',0.24,0.67,0.15,147.0
'BURNS FIRST DEGREE',0.0,0.0,0.0,1.0
'BURNS SECOND DEGREE',0.0,0.0,0.0,0.0
'BURSA CALCIFICATION',0.0,0.0,0.0,4.0
'BURSITIS',0.0,0.0,0.0,1.0
'CAESAREAN SECTION',0.0,0.0,0.0,1.0
'CALCIFICATION OF MUSCLE',0.0,0.0,0.0,0.0
'CALCINOSIS',0.0,0.0,0.0,1.0
'CALCIPHYLAXIS',0.0,0.0,0.0,1.0
'CALCIUM METABOLISM DISORDER',0.0,0.0,0.0,2.0
'CALCULUS BLADDER',0.0,0.0,0.0,1.0
'CALCULUS PROSTATIC',0.0,0.0,0.0,0.0
'CALCULUS URINARY',0.0,0.0,0.0,0.0
'CAMPYLOBACTER INTESTINAL INFECTION',0.0,0.0,0.0,0.0
'CANDIDA INFECTION',0.0,0.0,0.0,0.0
'CANDIDIASIS',0.0,0.0,0.0,1.0
'CARBUNCLE',0.0,0.0,0.0,2.0
'CARCINOID SYNDROME',0.0,0.0,0.0,0.0
'CARCINOID TUMOUR',0.0,0.0,0.0,5.0
'CARCINOMA',0.0,0.0,0.0,1.0
'CARDIAC ABLATION',0.0,0.0,0.0,0.0
'CARDIAC ANEURYSM',0.0,0.0,0.0,0.0
'CARDIAC ARREST',0.2,1.0,0.11,9.0
'CARDIAC DISCOMFORT',0.0,0.0,0.0,1.0
'CARDIAC DISORDER',0.0,0.0,0.0,27.0
'CARDIAC ENZYMES INCREASED',0.0,0.0,0.0,0.0
'CARDIAC FAILURE ACUTE',0.0,0.0,0.0,0.0
'CARDIAC FAILURE CONGESTIVE',0.0,0.0,0.0,18.0
'CARDIAC FAILURE',0.0,0.0,0.0,10.0
'CARDIAC FIBRILLATION',0.0,0.0,0.0,1.0
'CARDIAC FLUTTER',0.0,0.0,0.0,12.0
'CARDIAC INFECTION',0.0,0.0,0.0,0.0
'CARDIAC MURMUR',0.4,1.0,0.25,4.0
'CARDIAC OPERATION',0.0,0.0,0.0,2.0
'CARDIAC PACEMAKER INSERTION',0.0,0.0,0.0,0.0
'CARDIAC PACEMAKER MALFUNCTION',0.0,0.0,0.0,0.0
'CARDIAC PROCEDURE COMPLICATION',0.0,0.0,0.0,0.0
'CARDIAC VALVE DISEASE',0.0,0.0,0.0,0.0
'CARDIO-RESPIRATORY ARREST',0.0,0.0,0.0,1.0
'CARDIO-RESPIRATORY DISTRESS',0.0,0.0,0.0,8.0
'CARDIOACTIVE DRUG LEVEL INCREASED',0.0,0.0,0.0,0.0
'CARDIOGENIC SHOCK',0.0,0.0,0.0,0.0
'CARDIOMEGALY',0.0,0.0,0.0,1.0
'CARDIOMYOPATHY',0.0,0.0,0.0,0.0
'CARDIOVASCULAR DISORDER',0.0,0.0,0.0,4.0
'CARDIOVERSION',0.0,0.0,0.0,2.0
'CAROTID ARTERY DISEASE',0.0,0.0,0.0,0.0
'CAROTID ARTERY OCCLUSION',0.0,0.0,0.0,0.0
'CARPAL TUNNEL SYNDROME',0.0,0.0,0.0,0.0
'CARTILAGE INJURY',0.0,0.0,0.0,3.0
'CATARACT',0.0,0.0,0.0,17.0
'CATATONIA',0.0,0.0,0.0,2.0
'CATHETERISATION CARDIAC',0.0,0.0,0.0,0.0
'CAUSTIC INJURY',0.0,0.0,0.0,13.0
'CELLULITIS',0.0,0.0,0.0,12.0
'CENTRAL NERVOUS SYSTEM STIMULATION',0.0,0.0,0.0,0.0
'CEREBRAL DISORDER',0.0,0.0,0.0,0.0
'CEREBRAL HAEMATOMA',0.0,0.0,0.0,0.0
'CEREBRAL HAEMORRHAGE',0.0,0.0,0.0,2.0
'CEREBRAL ISCHAEMIA',0.0,0.0,0.0,0.0
'CEREBRAL PALSY',0.0,0.0,0.0,1.0
'CEREBROSPINAL FLUID RETENTION',0.0,0.0,0.0,0.0
'CEREBROVASCULAR ACCIDENT',0.07,0.33,0.04,103.0
'CEREBROVASCULAR DISORDER',0.0,0.0,0.0,0.0
'CERVIX CARCINOMA',0.0,0.0,0.0,1.0
'CHANGE OF BOWEL HABIT',0.0,0.0,0.0,5.0
'CHAPPED LIPS',0.0,0.0,0.0,4.0
'CHEILITIS',0.0,0.0,0.0,3.0
'CHEMICAL BURN OF SKIN',0.0,0.0,0.0,9.0
'CHEMICAL BURNS OF EYE',0.0,0.0,0.0,0.0
'CHEMICAL EYE INJURY',0.0,0.0,0.0,1.0
'CHEMICAL INJURY',0.0,0.0,0.0,11.0
'CHEMICAL POISONING',0.0,0.0,0.0,2.0
'CHEST DISCOMFORT',0.0,0.0,0.0,65.0
'CHEST INJURY',0.0,0.0,0.0,1.0
'CHEST PAIN',0.05,0.33,0.03,193.0
'CHEST WALL PAIN',0.0,0.0,0.0,1.0
'CHILLS',0.11,1.0,0.06,33.0
'CHOKING SENSATION',0.0,0.0,0.0,13.0
'CHOKING',0.04,0.42,0.02,688.0
'CHOLECYSTECTOMY',0.0,0.0,0.0,0.0
'CHOLECYSTITIS ACUTE',0.0,0.0,0.0,1.0
'CHOLECYSTITIS INFECTIVE',0.0,0.0,0.0,1.0
'CHOLECYSTITIS',0.0,0.0,0.0,0.0
'CHOLELITHIASIS',0.0,0.0,0.0,17.0
'CHOLELITHOTOMY',0.0,0.0,0.0,0.0
'CHOLERA',0.0,0.0,0.0,0.0
'CHOLESTASIS',0.0,0.0,0.0,2.0
'CHOLESTATIC LIVER INJURY',0.0,0.0,0.0,0.0
'CHOLINERGIC SYNDROME',0.0,0.0,0.0,1.0
'CHONDROCALCINOSIS PYROPHOSPHATE',0.0,0.0,0.0,0.0
'CHONDROCALCINOSIS',0.0,0.0,0.0,1.0
'CHORIORETINOPATHY',0.0,0.0,0.0,1.0
'CHROMATOPSIA',0.0,0.0,0.0,0.0
'CHROMATURIA',0.0,0.0,0.0,27.0
'CHRONIC FATIGUE SYNDROME',0.0,0.0,0.0,0.0
'CHRONIC LYMPHOCYTIC LEUKAEMIA',0.0,0.0,0.0,2.0
'CHRONIC OBSTRUCTIVE PULMONARY DISEASE',0.0,0.0,0.0,0.0
'CHRONIC RESPIRATORY DISEASE',0.0,0.0,0.0,0.0
'CIRCULATORY COLLAPSE',0.0,0.0,0.0,3.0
'CIRCUMSTANCE OR INFORMATION CAPABLE OF LEADING TO MEDICATION ERROR',0.0,0.0,0.0,1.0
'CLITORAL ENGORGEMENT',0.0,0.0,0.0,0.0
'CLOSTRIDIAL INFECTION',0.33,0.5,0.25,4.0
'CLOSTRIDIUM DIFFICILE COLITIS',0.0,0.0,0.0,5.0
'CLOSTRIDIUM DIFFICILE INFECTION',0.0,0.0,0.0,0.0
'COAGULATION TEST ABNORMAL',0.0,0.0,0.0,2.0
'COAGULATION TIME SHORTENED',0.0,0.0,0.0,0.0
'COAGULOPATHY',0.0,0.0,0.0,1.0
'COELIAC DISEASE',0.2,0.73,0.11,71.0
'COGNITIVE DETERIORATION',0.0,0.0,0.0,0.0
'COGNITIVE DISORDER',0.0,0.0,0.0,3.0
'COLD SWEAT',0.14,1.0,0.08,13.0
'COLECTOMY',0.0,0.0,0.0,1.0
'COLITIS ISCHAEMIC',0.0,0.0,0.0,2.0
'COLITIS MICROSCOPIC',0.0,0.0,0.0,0.0
'COLITIS ULCERATIVE',0.0,0.0,0.0,5.0
'COLITIS',0.33,1.0,0.2,10.0
'COLON ADENOMA',0.0,0.0,0.0,1.0
'COLON CANCER METASTATIC',0.0,0.0,0.0,0.0
'COLON CANCER RECURRENT',0.0,0.0,0.0,0.0
'COLON CANCER STAGE I',0.0,0.0,0.0,1.0
'COLON CANCER',0.0,0.0,0.0,7.0
'COLON INJURY',0.0,0.0,0.0,5.0
'COLONIC OBSTRUCTION',0.0,0.0,0.0,2.0
'COLONIC POLYP',0.0,0.0,0.0,0.0
'COLONOSCOPY ABNORMAL',0.0,0.0,0.0,1.0
'COLONOSCOPY',0.0,0.0,0.0,0.0
'COLOSTOMY',0.0,0.0,0.0,0.0
'COLOUR BLINDNESS',0.0,0.0,0.0,0.0
'COMA',0.0,0.0,0.0,1.0
'COMPARTMENT SYNDROME',0.0,0.0,0.0,0.0
'COMPLETED SUICIDE',0.0,0.0,0.0,2.0
'COMPLICATION OF PREGNANCY',0.0,0.0,0.0,1.0
'COMPRESSION FRACTURE',0.0,0.0,0.0,1.0
'COMPUTERISED TOMOGRAM ABNORMAL',0.5,0.5,0.5,2.0
'COMPUTERISED TOMOGRAM KIDNEY ABNORMAL',0.0,0.0,0.0,0.0
'CONCOMITANT DISEASE AGGRAVATED',0.0,0.0,0.0,0.0
'CONCUSSION',0.0,0.0,0.0,4.0
'CONDITION AGGRAVATED',0.0,0.0,0.0,18.0
'CONFUSIONAL STATE',0.24,0.8,0.14,29.0
'CONGENITAL ANOMALY',0.0,0.0,0.0,0.0
'CONGENITAL CYSTIC KIDNEY DISEASE',0.0,0.0,0.0,3.0
'CONGESTIVE CARDIOMYOPATHY',0.0,0.0,0.0,0.0
'CONJUNCTIVAL HAEMORRHAGE',0.0,0.0,0.0,0.0
'CONJUNCTIVAL HYPERAEMIA',0.0,0.0,0.0,0.0
'CONJUNCTIVITIS ALLERGIC',0.0,0.0,0.0,0.0
'CONJUNCTIVITIS',0.0,0.0,0.0,2.0
'CONSTIPATION',0.12,0.67,0.06,94.0
'CONTUSION',0.0,0.0,0.0,10.0
'CONVULSION',0.1,0.46,0.06,105.0
'COORDINATION ABNORMAL',0.0,0.0,0.0,0.0
'CORNEAL ABRASION',0.0,0.0,0.0,1.0
'CORNEAL DISORDER',0.0,0.0,0.0,0.0
'CORNEAL EROSION',0.0,0.0,0.0,0.0
'CORNEAL INFECTION',0.0,0.0,0.0,0.0
'CORNEAL TRANSPLANT',0.0,0.0,0.0,0.0
'CORNEAL ULCER',0.0,0.0,0.0,1.0
'CORONARY ARTERIAL STENT INSERTION',0.0,0.0,0.0,1.0
'CORONARY ARTERY BYPASS',0.0,0.0,0.0,1.0
'CORONARY ARTERY DISEASE',0.0,0.0,0.0,4.0
'CORONARY ARTERY OCCLUSION',0.0,0.0,0.0,3.0
'COUGH DECREASED',0.0,0.0,0.0,0.0
'COUGH',0.13,0.4,0.08,77.0
'CREATININE RENAL CLEARANCE DECREASED',0.0,0.0,0.0,0.0
'CREUTZFELDT-JAKOB DISEASE',0.0,0.0,0.0,0.0
'CROUP INFECTIOUS',0.0,0.0,0.0,0.0
'CRYING',0.0,0.0,0.0,11.0
'CYANOPSIA',0.0,0.0,0.0,0.0
'CYANOSIS',0.0,0.0,0.0,0.0
'CYST',0.0,0.0,0.0,1.0
'CYSTITIS ESCHERICHIA',0.0,0.0,0.0,1.0
'CYSTITIS INTERSTITIAL',0.0,0.0,0.0,0.0
'CYSTITIS',0.0,0.0,0.0,5.0
'DANDRUFF',0.0,0.0,0.0,4.0
'DARK CIRCLES UNDER EYES',0.67,1.0,0.5,2.0
'DAYDREAMING',0.0,0.0,0.0,1.0
'DEAFNESS BILATERAL',0.0,0.0,0.0,0.0
'DEAFNESS UNILATERAL',0.0,0.0,0.0,0.0
'DEAFNESS',0.0,0.0,0.0,4.0
'DEATH',0.19,0.8,0.11,38.0
'DECREASED APPETITE',0.18,0.8,0.1,39.0
'DEEP VEIN THROMBOSIS',0.0,0.0,0.0,5.0
'DEFAECATION URGENCY',0.0,0.0,0.0,7.0
'DEFORMITY',0.0,0.0,0.0,0.0
'DEHYDRATION',0.08,0.57,0.04,93.0
'DEHYDROEPIANDROSTERONE INCREASED',0.0,0.0,0.0,0.0
'DELAYED RECOVERY FROM ANAESTHESIA',0.0,0.0,0.0,0.0
'DELIRIUM',0.0,0.0,0.0,1.0
'DELUSION',0.0,0.0,0.0,1.0
'DELUSIONAL DISORDER',0.0,0.0,0.0,0.0
'DEMENTIA WITH LEWY BODIES',0.0,0.0,0.0,1.0
'DEMENTIA',0.0,0.0,0.0,2.0
'DEMYELINATION',0.0,0.0,0.0,0.0
'DENTAL CARIES',0.0,0.0,0.0,1.0
'DEPENDENCE',0.0,0.0,0.0,1.0
'DEPRESSED LEVEL OF CONSCIOUSNESS',0.0,0.0,0.0,2.0
'DEPRESSED MOOD',0.0,0.0,0.0,5.0
'DEPRESSION SUICIDAL',0.0,0.0,0.0,1.0
'DEPRESSION',0.19,1.0,0.1,29.0
'DERMAL CYST',0.0,0.0,0.0,1.0
'DERMATITIS ALLERGIC',0.0,0.0,0.0,1.0
'DERMATITIS ATOPIC',0.0,0.0,0.0,0.0
'DERMATITIS BULLOUS',0.0,0.0,0.0,3.0
'DERMATITIS CONTACT',0.33,1.0,0.2,10.0
'DERMATITIS DIAPER',0.67,1.0,0.5,2.0
'DERMATITIS EXFOLIATIVE',0.0,0.0,0.0,0.0
'DERMATITIS HERPETIFORMIS',0.0,0.0,0.0,0.0
'DERMATITIS',0.4,1.0,0.25,4.0
'DERMATOLOGIC EXAMINATION',0.0,0.0,0.0,0.0
'DEVELOPMENTAL DELAY',0.0,0.0,0.0,0.0
'DEVICE DISLOCATION',0.0,0.0,0.0,1.0
'DEVICE PACING ISSUE',0.0,0.0,0.0,0.0
'DIABETES MELLITUS',0.0,0.0,0.0,21.0
'DIABETIC COMA',0.0,0.0,0.0,0.0
'DIABETIC KETOACIDOSIS',0.0,0.0,0.0,0.0
'DIALYSIS',0.0,0.0,0.0,1.0
'DIAPHRAGMALGIA',0.0,0.0,0.0,0.0
'DIARRHOEA HAEMORRHAGIC',0.0,0.0,0.0,7.0
'DIARRHOEA',0.42,0.63,0.32,691.0
'DIFFICULTY IN WALKING',0.0,0.0,0.0,0.0
'DIFFUSE ALOPECIA',0.0,0.0,0.0,0.0
'DIPLEGIA',0.0,0.0,0.0,2.0
'DIPLOPIA',0.0,0.0,0.0,5.0
'DISABILITY',0.0,0.0,0.0,2.0
'DISBACTERIOSIS',0.0,0.0,0.0,0.0
'DISCOMFORT',0.22,0.8,0.13,31.0
'DISEASE PROGRESSION',0.0,0.0,0.0,0.0
'DISEASE RECURRENCE',0.0,0.0,0.0,0.0
'DISORIENTATION',0.0,0.0,0.0,9.0
'DISSEMINATED INTRAVASCULAR COAGULATION',0.0,0.0,0.0,1.0
'DISTURBANCE IN ATTENTION',0.0,0.0,0.0,3.0
'DISTURBANCE IN SEXUAL AROUSAL',0.0,0.0,0.0,0.0
'DIVERTICULITIS INTESTINAL HAEMORRHAGIC',0.0,0.0,0.0,0.0
'DIVERTICULITIS',0.05,0.25,0.03,33.0
'DIVERTICULUM INTESTINAL HAEMORRHAGIC',0.0,0.0,0.0,0.0
'DIVERTICULUM',0.0,0.0,0.0,1.0
'DIZZINESS POSTURAL',0.0,0.0,0.0,0.0
'DIZZINESS',0.21,0.73,0.13,318.0
'DROOLING',0.0,0.0,0.0,4.0
'DRUG ADMINISTRATION ERROR',0.0,0.0,0.0,3.0
'DRUG DEPENDENCE',0.0,0.0,0.0,13.0
'DRUG DISPENSING ERROR',0.0,0.0,0.0,0.0
'DRUG EFFECT INCREASED',0.0,0.0,0.0,0.0
'DRUG EFFECT PROLONGED',0.0,0.0,0.0,0.0
'DRUG EXPOSURE DURING PREGNANCY',0.0,0.0,0.0,5.0
'DRUG EXPOSURE VIA BREAST MILK',0.0,0.0,0.0,0.0
'DRUG HYPERSENSITIVITY',0.0,0.0,0.0,2.0
'DRUG INEFFECTIVE FOR UNAPPROVED INDICATION',0.0,0.0,0.0,0.0
'DRUG INEFFECTIVE',0.0,0.0,0.0,8.0
'DRUG INTERACTION',0.0,0.0,0.0,7.0
'DRUG INTOLERANCE',0.0,0.0,0.0,1.0
'DRUG LEVEL DECREASED',0.0,0.0,0.0,0.0
'DRUG LEVEL FLUCTUATING',0.0,0.0,0.0,1.0
'DRUG LEVEL INCREASED',0.0,0.0,0.0,0.0
'DRUG MISUSE',0.0,0.0,0.0,1.0
'DRUG RESISTANCE',0.0,0.0,0.0,0.0
'DRUG SCREEN FALSE POSITIVE',0.0,0.0,0.0,0.0
'DRUG SCREEN POSITIVE',0.0,0.0,0.0,4.0
'DRUG TOXICITY',0.0,0.0,0.0,4.0
'DRUG WITHDRAWAL SYNDROME',0.0,0.0,0.0,0.0
'DRUG-INDUCED LIVER INJURY',0.0,0.0,0.0,5.0
'DRY EYE',0.0,0.0,0.0,0.0
'DRY MOUTH',0.2,1.0,0.11,18.0
'DRY SKIN',0.14,1.0,0.08,13.0
'DRY THROAT',0.67,1.0,0.5,2.0
'DYSAESTHESIA',0.0,0.0,0.0,0.0
'DYSARTHRIA',0.0,0.0,0.0,9.0
'DYSENTERY',0.0,0.0,0.0,0.0
'DYSGEUSIA',0.34,0.45,0.27,94.0
'DYSGRAPHIA',0.67,0.5,1.0,1.0
'DYSKINESIA',0.0,0.0,0.0,2.0
'DYSLIPIDAEMIA',0.0,0.0,0.0,1.0
'DYSMENORRHOEA',0.0,0.0,0.0,2.0
'DYSPEPSIA',0.09,0.57,0.05,85.0
'DYSPHAGIA',0.08,0.65,0.04,261.0
'DYSPHASIA',0.0,0.0,0.0,0.0
'DYSPHEMIA',0.0,0.0,0.0,0.0
'DYSPHONIA',0.0,0.0,0.0,9.0
'DYSPLASIA',0.0,0.0,0.0,5.0
'DYSPNOEA EXERTIONAL',0.0,0.0,0.0,3.0
'DYSPNOEA',0.07,0.41,0.04,398.0
'DYSSTASIA',0.0,0.0,0.0,3.0
'DYSTONIA',0.0,0.0,0.0,0.0
'DYSURIA',0.0,0.0,0.0,11.0
'EAR DISCOMFORT',0.0,0.0,0.0,1.0
'EAR DISORDER',0.0,0.0,0.0,0.0
'EAR HAEMORRHAGE',0.0,0.0,0.0,0.0
'EAR INFECTION',0.0,0.0,0.0,3.0
'EAR PAIN',0.0,0.0,0.0,4.0
'EATING DISORDER SYMPTOM',0.0,0.0,0.0,0.0
'EATING DISORDER',0.0,0.0,0.0,2.0
'ECLAMPSIA',0.0,0.0,0.0,1.0
'ECTOPIC PREGNANCY',0.0,0.0,0.0,0.0
'ECZEMA',0.0,0.0,0.0,5.0
'EJACULATION DISORDER',0.0,0.0,0.0,0.0
'EJECTION FRACTION DECREASED',0.0,0.0,0.0,1.0
'ELECTROCARDIOGRAM ABNORMAL',0.0,0.0,0.0,4.0
'ELECTROCARDIOGRAM QT INTERVAL ABNORMAL',0.0,0.0,0.0,0.0
'ELECTROCARDIOGRAM QT PROLONGED',0.0,0.0,0.0,2.0
'ELECTROCARDIOGRAM ST SEGMENT ELEVATION',0.0,0.0,0.0,0.0
'ELECTROCARDIOGRAM T WAVE INVERSION',0.0,0.0,0.0,0.0
'ELECTROCARDIOGRAM',0.0,0.0,0.0,0.0
'ELECTROLYTE IMBALANCE',0.0,0.0,0.0,0.0
'EMBOLISM',0.0,0.0,0.0,3.0
'EMERGENCY CARE EXAMINATION',0.75,1.0,0.6,5.0
'EMOTIONAL DISORDER',0.0,0.0,0.0,0.0
'EMOTIONAL DISTRESS',0.0,0.0,0.0,2.0
'ENCEPHALOPATHY',0.0,0.0,0.0,0.0
'ENDOCARDITIS',0.0,0.0,0.0,0.0
'ENDOCRINE DISORDER',0.0,0.0,0.0,1.0
'ENDOMETRIAL CANCER STAGE II',0.0,0.0,0.0,0.0
'ENDOMETRIAL CANCER',0.0,0.0,0.0,0.0
'ENDOMETRIOSIS',0.0,0.0,0.0,2.0
'ENDOSCOPY ABNORMAL',0.0,0.0,0.0,2.0
'ENDOSCOPY GASTROINTESTINAL ABNORMAL',0.0,0.0,0.0,0.0
'ENERGY INCREASED',0.0,0.0,0.0,9.0
'ENTEROCOCCAL INFECTION',0.0,0.0,0.0,0.0
'ENTEROCOLITIS INFECTIOUS',0.0,0.0,0.0,0.0
'ENTEROCOLITIS',0.0,0.0,0.0,0.0
'EOSINOPHIL COUNT INCREASED',0.0,0.0,0.0,1.0
'EOSINOPHIL COUNT',0.0,0.0,0.0,0.0
'EOSINOPHILIA MYALGIA SYNDROME',0.0,0.0,0.0,0.0
'EOSINOPHILIA',0.0,0.0,0.0,1.0
'EOSINOPHILIC OESOPHAGITIS',0.0,0.0,0.0,0.0
'EPIGASTRIC DISCOMFORT',0.0,0.0,0.0,0.0
'EPILEPSY',0.0,0.0,0.0,1.0
'EPINEPHRINE INCREASED',0.0,0.0,0.0,0.0
'EPISTAXIS',0.0,0.0,0.0,25.0
'ERECTILE DYSFUNCTION',0.0,0.0,0.0,3.0
'ERECTION INCREASED',0.0,0.0,0.0,1.0
'ERUCTATION',0.0,0.0,0.0,11.0
'ERYTHEMA MULTIFORME',0.0,0.0,0.0,0.0
'ERYTHEMA OF EYELID',0.0,0.0,0.0,0.0
'ERYTHEMA',0.07,1.0,0.04,103.0
'ESCHERICHIA BACTERAEMIA',0.0,0.0,0.0,3.0
'ESCHERICHIA INFECTION',0.0,0.0,0.0,0.0
'ESCHERICHIA URINARY TRACT INFECTION',0.0,0.0,0.0,2.0
'EUPHORIC MOOD',0.0,0.0,0.0,2.0
'EXCESSIVE EYE BLINKING',0.0,0.0,0.0,0.0
'EXCORIATION',0.0,0.0,0.0,0.0
'EXFOLIATIVE RASH',0.0,0.0,0.0,0.0
'EXOPHTHALMOS',0.0,0.0,0.0,0.0
'EXPIRED DRUG ADMINISTERED',0.0,0.0,0.0,2.0
'EXPOSURE DURING PREGNANCY',0.0,0.0,0.0,1.0
'EXTERNAL EAR DISORDER',0.0,0.0,0.0,0.0
'EXTRAOCULAR MUSCLE DISORDER',0.0,0.0,0.0,1.0
'EXTRASYSTOLES',0.0,0.0,0.0,19.0
'EYE BURNS',0.0,0.0,0.0,3.0
'EYE CONTUSION',0.0,0.0,0.0,0.0
'EYE DISCHARGE',0.0,0.0,0.0,0.0
'EYE DISORDER',0.0,0.0,0.0,5.0
'EYE HAEMORRHAGE',0.0,0.0,0.0,4.0
'EYE INFECTION VIRAL',0.0,0.0,0.0,1.0
'EYE INFECTION',0.0,0.0,0.0,3.0
'EYE INFLAMMATION',0.0,0.0,0.0,0.0
'EYE INJURY',0.0,0.0,0.0,0.0
'EYE IRRITATION',0.18,0.36,0.12,33.0
'EYE LASER SURGERY',0.0,0.0,0.0,0.0
'EYE MOVEMENT DISORDER',0.0,0.0,0.0,0.0
'EYE OEDEMA',0.0,0.0,0.0,1.0
'EYE PAIN',0.4,0.5,0.33,3.0
'EYE PRURITUS',0.0,0.0,0.0,4.0
'EYE REDNESS',0.0,0.0,0.0,0.0
'EYE ROLLING',0.0,0.0,0.0,0.0
'EYE SWELLING',0.12,0.6,0.07,43.0
'EYELASH DISCOLOURATION',0.0,0.0,0.0,0.0
'EYELID BOIL',0.0,0.0,0.0,0.0
'EYELID DISORDER',0.0,0.0,0.0,4.0
'EYELID INFECTION',0.0,0.0,0.0,2.0
'EYELID MARGIN CRUSTING',0.0,0.0,0.0,0.0
'EYELID OEDEMA',0.0,0.0,0.0,0.0
'EYELID PTOSIS',0.0,0.0,0.0,1.0
'EYELID RASH',0.0,0.0,0.0,1.0
'FACE INJURY',0.0,0.0,0.0,0.0
'FACE OEDEMA',0.0,0.0,0.0,14.0
'FACET JOINT SYNDROME',0.0,0.0,0.0,1.0
'FACIAL BONES FRACTURE',0.0,0.0,0.0,0.0
'FACIAL PAIN',0.0,0.0,0.0,1.0
'FACIAL PALSY',0.0,0.0,0.0,5.0
'FACIAL PARESIS',0.0,0.0,0.0,0.0
'FACTITIOUS DISORDER',0.0,0.0,0.0,0.0
'FAECAL INCONTINENCE',0.67,1.0,0.5,2.0
'FAECALOMA',0.0,0.0,0.0,2.0
'FAECES DISCOLOURED',0.17,1.0,0.09,22.0
'FAECES HARD',0.0,0.0,0.0,1.0
'FAECES PALE',0.0,0.0,0.0,7.0
'FAILURE OF CHILD RESISTANT MECHANISM FOR PHARMACEUTICAL PRODUCT',0.0,0.0,0.0,1.0
'FAILURE TO THRIVE',0.0,0.0,0.0,0.0
'FALL',0.0,0.0,0.0,52.0
'FATIGUE',0.1,0.48,0.06,206.0
'FEAR',0.0,0.0,0.0,13.0
'FEELING ABNORMAL',0.04,0.17,0.03,39.0
'FEELING COLD',0.5,0.67,0.4,5.0
'FEELING DRUNK',0.0,0.0,0.0,1.0
'FEELING HOT',0.0,0.0,0.0,28.0
'FEELING JITTERY',0.0,0.0,0.0,17.0
'FEELING OF BODY TEMPERATURE CHANGE',0.33,0.47,0.25,87.0
'FEELING OF RELAXATION',0.0,0.0,0.0,0.0
'FEMORAL HERNIA',0.0,0.0,0.0,1.0
'FEMUR FRACTURE',0.0,0.0,0.0,0.0
'FIBROCYSTIC BREAST DISEASE',0.0,0.0,0.0,0.0
'FIBROMA',0.0,0.0,0.0,0.0
'FIBROMYALGIA',0.0,0.0,0.0,0.0
'FIBROSIS',0.0,0.0,0.0,1.0
'FINGER AMPUTATION',0.0,0.0,0.0,0.0
'FLANK PAIN',0.0,0.0,0.0,4.0
'FLAT AFFECT',0.0,0.0,0.0,1.0
'FLATULENCE',0.11,0.44,0.06,65.0
'FLIGHT OF IDEAS',0.0,0.0,0.0,4.0
'FLUID OVERLOAD',0.0,0.0,0.0,0.0
'FLUID RETENTION',0.0,0.0,0.0,7.0
'FLUSHING',0.04,0.14,0.02,44.0
'FOAMING AT MOUTH',0.0,0.0,0.0,1.0
'FOETAL GROWTH RESTRICTION',0.0,0.0,0.0,2.0
'FOETAL MALPOSITION',0.0,0.0,0.0,0.0
'FOETAL MALPRESENTATION',0.0,0.0,0.0,0.0
'FOLATE DEFICIENCY',0.0,0.0,0.0,0.0
'FOLLICULAR THYROID CANCER',0.0,0.0,0.0,0.0
'FOLLICULITIS',0.0,0.0,0.0,0.0
'FOOD ALLERGY',0.18,0.5,0.11,9.0
'FOOD CRAVING',0.0,0.0,0.0,0.0
'FOOD INTERACTION',0.0,0.0,0.0,1.0
'FOOD INTOLERANCE',0.0,0.0,0.0,4.0
'FOOD POISONING',0.64,0.88,0.5,14.0
'FOOT DEFORMITY',0.0,0.0,0.0,1.0
'FOOT FRACTURE',0.0,0.0,0.0,0.0
'FOREIGN BODY ASPIRATION',0.0,0.0,0.0,0.0
'FOREIGN BODY IN EYE',0.0,0.0,0.0,2.0
'FOREIGN BODY TRAUMA',0.03,0.67,0.01,156.0
'FOREIGN BODY',0.0,0.0,0.0,65.0
'FORMICATION',0.0,0.0,0.0,1.0
'FRACTURE',0.0,0.0,0.0,1.0
'FREQUENT BOWEL MOVEMENTS',0.0,0.0,0.0,4.0
'FRUSTRATION',0.0,0.0,0.0,0.0
'FULL BLOOD COUNT DECREASED',0.0,0.0,0.0,1.0
'FUNGAEMIA',0.0,0.0,0.0,2.0
'FUNGAL INFECTION',0.0,0.0,0.0,17.0
'FUNGUS CULTURE POSITIVE',0.0,0.0,0.0,1.0
'FURUNCLE',0.0,0.0,0.0,2.0
'GAIT DISTURBANCE',0.14,1.0,0.08,13.0
'GALACTORRHOEA',0.0,0.0,0.0,0.0
'GALLBLADDER CANCER',0.0,0.0,0.0,1.0
'GALLBLADDER DISORDER',0.0,0.0,0.0,9.0
'GALLBLADDER INJURY',0.0,0.0,0.0,0.0
'GALLBLADDER NON-FUNCTIONING',0.0,0.0,0.0,0.0
'GALLBLADDER OPERATION',0.0,0.0,0.0,1.0
'GALLBLADDER PAIN',0.0,0.0,0.0,0.0
'GAMMA-GLUTAMYLTRANSFERASE INCREASED',0.0,0.0,0.0,4.0
'GASTRIC BYPASS',0.0,0.0,0.0,0.0
'GASTRIC CANCER',0.0,0.0,0.0,2.0
'GASTRIC DILATATION',0.0,0.0,0.0,1.0
'GASTRIC DISORDER',0.0,0.0,0.0,25.0
'GASTRIC HAEMORRHAGE',0.0,0.0,0.0,4.0
'GASTRIC INFECTION',0.0,0.0,0.0,0.0
'GASTRIC LAVAGE',0.0,0.0,0.0,0.0
'GASTRIC POLYPS',0.0,0.0,0.0,1.0
'GASTRIC ULCER HAEMORRHAGE',0.4,0.5,0.33,3.0
'GASTRIC ULCER',0.0,0.0,0.0,12.0
'GASTRITIS EROSIVE',0.0,0.0,0.0,1.0
'GASTRITIS',0.0,0.0,0.0,4.0
'GASTROENTERITIS ESCHERICHIA COLI',0.0,0.0,0.0,0.0
'GASTROENTERITIS NOROVIRUS',0.0,0.0,0.0,2.0
'GASTROENTERITIS SALMONELLA',0.47,0.57,0.4,10.0
'GASTROENTERITIS VIBRIO',0.24,0.57,0.15,27.0
'GASTROENTERITIS VIRAL',0.0,0.0,0.0,8.0
'GASTROENTERITIS',0.0,0.0,0.0,1.0
'GASTROINTESTINAL ANASTOMOTIC LEAK',0.0,0.0,0.0,1.0
'GASTROINTESTINAL CARCINOMA',0.0,0.0,0.0,0.0
'GASTROINTESTINAL DISCOMFORT',0.0,0.0,0.0,1.0
'GASTROINTESTINAL DISORDER',0.06,0.25,0.03,32.0
'GASTROINTESTINAL HAEMORRHAGE',0.0,0.0,0.0,14.0
'GASTROINTESTINAL HYPOMOTILITY',0.0,0.0,0.0,0.0
'GASTROINTESTINAL INFECTION',0.0,0.0,0.0,2.0
'GASTROINTESTINAL INFLAMMATION',0.0,0.0,0.0,1.0
'GASTROINTESTINAL INJURY',0.0,0.0,0.0,1.0
'GASTROINTESTINAL MOTILITY DISORDER',0.0,0.0,0.0,1.0
'GASTROINTESTINAL OBSTRUCTION',0.0,0.0,0.0,3.0
'GASTROINTESTINAL OEDEMA',0.0,0.0,0.0,1.0
'GASTROINTESTINAL PAIN',0.13,1.0,0.07,14.0
'GASTROINTESTINAL SOUNDS ABNORMAL',0.0,0.0,0.0,0.0
'GASTROINTESTINAL TRACT IRRITATION',0.29,1.0,0.17,6.0
'GASTROINTESTINAL TRACT MUCOSAL PIGMENTATION',0.0,0.0,0.0,1.0
'GASTROINTESTINAL ULCER HAEMORRHAGE',0.0,0.0,0.0,0.0
'GASTROINTESTINAL ULCER',0.0,0.0,0.0,0.0
'GASTROOESOPHAGEAL REFLUX DISEASE',0.0,0.0,0.0,20.0
'GENERAL PHYSICAL HEALTH DETERIORATION',0.4,1.0,0.25,4.0
'GENERAL SYMPTOM',0.0,0.0,0.0,5.0
'GENERALISED ERYTHEMA',0.0,0.0,0.0,5.0
'GENERALISED OEDEMA',0.0,0.0,0.0,1.0
'GENITAL HAEMORRHAGE',0.0,0.0,0.0,1.0
'GENITAL PAIN',0.0,0.0,0.0,0.0
'GENITAL RASH',0.0,0.0,0.0,0.0
'GESTATIONAL DIABETES',0.0,0.0,0.0,2.0
'GINGIVAL BLEEDING',0.0,0.0,0.0,1.0
'GINGIVAL DISORDER',0.0,0.0,0.0,1.0
'GINGIVAL PAIN',0.0,0.0,0.0,2.0
'GLASGOW COMA SCALE ABNORMAL',0.0,0.0,0.0,0.0
'GLAUCOMA',0.0,0.0,0.0,6.0
'GLIOBLASTOMA MULTIFORME',0.0,0.0,0.0,0.0
'GLIOBLASTOMA',0.0,0.0,0.0,1.0
'GLIOSIS',0.0,0.0,0.0,0.0
'GLOBAL AMNESIA',0.0,0.0,0.0,1.0
'GLOMERULAR FILTRATION RATE DECREASED',0.0,0.0,0.0,2.0
'GLOMERULAR FILTRATION RATE INCREASED',0.0,0.0,0.0,0.0
'GLOSSITIS',0.0,0.0,0.0,0.0
'GLOSSODYNIA',0.0,0.0,0.0,5.0
'GLUCOSE TOLERANCE IMPAIRED',0.0,0.0,0.0,0.0
'GLUCOSE URINE PRESENT',0.0,0.0,0.0,0.0
'GLYCOSYLATED HAEMOGLOBIN INCREASED',0.0,0.0,0.0,6.0
'GOITRE',0.0,0.0,0.0,0.0
'GOUT',0.0,0.0,0.0,1.0
'GRAND MAL CONVULSION',0.0,0.0,0.0,16.0
'GRANULOMA SKIN',0.0,0.0,0.0,0.0
'GRANULOMA',0.0,0.0,0.0,0.0
'GRAVITATIONAL OEDEMA',0.0,0.0,0.0,0.0
'GRIP STRENGTH DECREASED',0.0,0.0,0.0,0.0
'GROIN PAIN',0.0,0.0,0.0,2.0
'GROWTH ACCELERATED',0.0,0.0,0.0,0.0
'GUILLAIN-BARRE SYNDROME',0.0,0.0,0.0,0.0
'GUN SHOT WOUND',0.0,0.0,0.0,0.0
'GYNAECOMASTIA',0.33,1.0,0.2,5.0
'HAEMANGIOMA OF LIVER',0.0,0.0,0.0,0.0
'HAEMANGIOMA',0.0,0.0,0.0,0.0
'HAEMATEMESIS',0.0,0.0,0.0,13.0
'HAEMATOCHEZIA',0.0,0.0,0.0,78.0
'HAEMATOCRIT DECREASED',0.0,0.0,0.0,0.0
'HAEMATOCRIT INCREASED',0.0,0.0,0.0,0.0
'HAEMATOMA',0.0,0.0,0.0,0.0
'HAEMATOSPERMIA',0.0,0.0,0.0,0.0
'HAEMATURIA',0.0,0.0,0.0,7.0
'HAEMOCHROMATOSIS',0.0,0.0,0.0,1.0
'HAEMOGLOBIN DECREASED',0.0,0.0,0.0,5.0
'HAEMOGLOBIN INCREASED',0.0,0.0,0.0,0.0
'HAEMOLYTIC ANAEMIA',0.0,0.0,0.0,0.0
'HAEMOPTYSIS',0.0,0.0,0.0,19.0
'HAEMORRHAGE INTRACRANIAL',0.0,0.0,0.0,1.0
'HAEMORRHAGE SUBCUTANEOUS',0.0,0.0,0.0,0.0
'HAEMORRHAGE URINARY TRACT',0.0,0.0,0.0,1.0
'HAEMORRHAGE',0.05,0.29,0.03,68.0
'HAEMORRHAGIC DIATHESIS',0.0,0.0,0.0,4.0
'HAEMORRHAGIC INFARCTION',0.0,0.0,0.0,0.0
'HAEMORRHAGIC STROKE',0.0,0.0,0.0,1.0
'HAEMORRHOIDAL HAEMORRHAGE',0.0,0.0,0.0,3.0
'HAEMORRHOIDS',0.0,0.0,0.0,3.0
'HAIR COLOUR CHANGES',0.0,0.0,0.0,3.0
'HAIR DISORDER',0.0,0.0,0.0,17.0
'HAIR GROWTH ABNORMAL',0.0,0.0,0.0,6.0
'HAIR TEXTURE ABNORMAL',0.0,0.0,0.0,13.0
'HALLUCINATION',0.15,0.4,0.09,22.0
'HALO VISION',0.0,0.0,0.0,0.0
'HAND DEFORMITY',0.0,0.0,0.0,1.0
'HAND FRACTURE',0.0,0.0,0.0,3.0
'HEAD DISCOMFORT',0.0,0.0,0.0,5.0
'HEAD INJURY',0.0,0.0,0.0,4.0
'HEAD TITUBATION',0.0,0.0,0.0,1.0
'HEADACHE',0.18,0.49,0.11,370.0
'HEARING IMPAIRED',0.0,0.0,0.0,3.0
'HEART INJURY',0.29,1.0,0.17,6.0
'HEART RATE ABNORMAL',0.21,0.33,0.15,13.0
'HEART RATE DECREASED',0.0,0.0,0.0,6.0
'HEART RATE INCREASED',0.03,0.5,0.02,132.0
'HEART RATE IRREGULAR',0.11,0.5,0.06,31.0
'HEART RATE',0.0,0.0,0.0,0.0
'HEART TRANSPLANT REJECTION',0.0,0.0,0.0,0.0
'HEART VALVE INCOMPETENCE',0.0,0.0,0.0,6.0
'HEAT EXHAUSTION',0.0,0.0,0.0,1.0
'HEAT STROKE',0.0,0.0,0.0,2.0
'HELICOBACTER GASTRITIS',0.0,0.0,0.0,0.0
'HELICOBACTER INFECTION',0.0,0.0,0.0,1.0
'HEMIPARESIS',0.0,0.0,0.0,3.0
'HEMIPLEGIC MIGRAINE',0.0,0.0,0.0,0.0
'HEPATIC CANCER',0.0,0.0,0.0,0.0
'HEPATIC CIRRHOSIS',0.0,0.0,0.0,1.0
'HEPATIC CYST',0.0,0.0,0.0,1.0
'HEPATIC ENCEPHALOPATHY',0.0,0.0,0.0,1.0
'HEPATIC ENZYME ABNORMAL',0.0,0.0,0.0,0.0
'HEPATIC ENZYME INCREASED',0.0,0.0,0.0,42.0
'HEPATIC FAILURE',0.0,0.0,0.0,16.0
'HEPATIC FUNCTION ABNORMAL',0.0,0.0,0.0,5.0
'HEPATIC LESION',0.0,0.0,0.0,0.0
'HEPATIC NECROSIS',0.0,0.0,0.0,2.0
'HEPATIC NEOPLASM MALIGNANT',0.0,0.0,0.0,0.0
'HEPATIC NEOPLASM',0.0,0.0,0.0,0.0
'HEPATIC PAIN',0.0,0.0,0.0,6.0
'HEPATIC STEATOSIS',0.0,0.0,0.0,21.0
'HEPATITIS A',0.0,0.0,0.0,0.0
'HEPATITIS ACUTE',0.0,0.0,0.0,11.0
'HEPATITIS B',0.0,0.0,0.0,1.0
'HEPATITIS C',0.0,0.0,0.0,1.0
'HEPATITIS CHOLESTATIC',0.0,0.0,0.0,0.0
'HEPATITIS TOXIC',0.0,0.0,0.0,2.0
'HEPATITIS VIRAL',1.0,1.0,1.0,1.0
'HEPATITIS',0.0,0.0,0.0,11.0
'HEPATOCELLULAR DAMAGE',0.0,0.0,0.0,3.0
'HEPATOCELLULAR INJURY',0.0,0.0,0.0,12.0
'HEPATOMEGALY',0.0,0.0,0.0,3.0
'HEPATOTOXICITY',0.0,0.0,0.0,3.0
'HERBAL TOXICITY',0.0,0.0,0.0,1.0
'HEREDITARY CEREBRAL DEGENERATION',0.0,0.0,0.0,0.0
'HERNIA REPAIR',0.0,0.0,0.0,0.0
'HERNIA',0.0,0.0,0.0,9.0
'HERPES SIMPLEX',0.0,0.0,0.0,0.0
'HERPES VIRUS INFECTION',0.0,0.0,0.0,0.0
'HERPES ZOSTER',0.0,0.0,0.0,5.0
'HIATUS HERNIA',0.0,0.0,0.0,8.0
'HICCUPS',0.0,0.0,0.0,5.0
'HIGH DENSITY LIPOPROTEIN DECREASED',0.0,0.0,0.0,1.0
'HIGH DENSITY LIPOPROTEIN INCREASED',0.0,0.0,0.0,0.0
'HIP ARTHROPLASTY',0.0,0.0,0.0,1.0
'HIP FRACTURE',0.0,0.0,0.0,4.0
'HIRSUTISM',0.0,0.0,0.0,0.0
'HOARSENESS',0.0,0.0,0.0,0.0
'HOLMES-ADIE PUPIL',0.0,0.0,0.0,1.0
'HORDEOLUM',0.0,0.0,0.0,0.0
'HORMONE LEVEL ABNORMAL',0.0,0.0,0.0,2.0
'HOSPITALISATION',0.17,1.0,0.09,22.0
'HOSTILITY',0.0,0.0,0.0,0.0
'HOT FLUSH',0.0,0.0,0.0,13.0
'HUMERUS FRACTURE',0.0,0.0,0.0,0.0
'HUNGER',0.0,0.0,0.0,1.0
'HYDROCEPHALUS',0.0,0.0,0.0,0.0
'HYPERACUSIS',0.0,0.0,0.0,1.0
'HYPERAESTHESIA',0.0,0.0,0.0,2.0
'HYPERBILIRUBINAEMIA',0.0,0.0,0.0,1.0
'HYPERCALCAEMIA',0.0,0.0,0.0,9.0
'HYPERCHLORHYDRIA',0.0,0.0,0.0,4.0
'HYPERCHOLESTEROLAEMIA',0.0,0.0,0.0,8.0
'HYPEREOSINOPHILIC SYNDROME',0.0,0.0,0.0,0.0
'HYPERGAMMAGLOBULINAEMIA BENIGN MONOCLONAL',0.0,0.0,0.0,1.0
'HYPERGLYCAEMIA',0.0,0.0,0.0,2.0
'HYPERHIDROSIS',0.13,0.56,0.08,66.0
'HYPERKALAEMIA',0.0,0.0,0.0,2.0
'HYPERLIPIDAEMIA',0.0,0.0,0.0,2.0
'HYPERNATRAEMIA',0.0,0.0,0.0,0.0
'HYPEROXALURIA',0.0,0.0,0.0,0.0
'HYPERPARATHYROIDISM',0.0,0.0,0.0,1.0
'HYPERPROLACTINAEMIA',0.0,0.0,0.0,0.0
'HYPERSENSITIVITY',0.11,0.31,0.07,289.0
'HYPERSOMNIA',0.0,0.0,0.0,2.0
'HYPERTENSION',0.02,0.25,0.01,80.0
'HYPERTENSIVE CRISIS',0.0,0.0,0.0,0.0
'HYPERTENSIVE HEART DISEASE',0.0,0.0,0.0,0.0
'HYPERTHERMIA',0.0,0.0,0.0,0.0
'HYPERTHYROIDISM',0.0,0.0,0.0,3.0
'HYPERTRICHOSIS',0.0,0.0,0.0,1.0
'HYPERTRIGLYCERIDAEMIA',0.0,0.0,0.0,0.0
'HYPERTROPHY BREAST',0.0,0.0,0.0,0.0
'HYPERVENTILATION',0.0,0.0,0.0,1.0
'HYPERVITAMINOSIS D',0.0,0.0,0.0,1.0
'HYPERVITAMINOSIS',0.0,0.0,0.0,5.0
'HYPOACUSIS',0.0,0.0,0.0,1.0
'HYPOAESTHESIA FACIAL',0.8,0.67,1.0,2.0
'HYPOAESTHESIA ORAL',0.0,0.0,0.0,9.0
'HYPOAESTHESIA',0.04,0.5,0.02,51.0
'HYPOCALCAEMIA',0.0,0.0,0.0,0.0
'HYPOCHROMIC ANAEMIA',0.0,0.0,0.0,0.0
'HYPOGLYCAEMIA',0.0,0.0,0.0,4.0
'HYPOGONADISM',0.0,0.0,0.0,1.0
'HYPOHIDROSIS',0.0,0.0,0.0,1.0
'HYPOKALAEMIA',0.0,0.0,0.0,11.0
'HYPOKINESIA',0.0,0.0,0.0,3.0
'HYPOLIPIDAEMIA',0.0,0.0,0.0,2.0
'HYPOMAGNESAEMIA',0.0,0.0,0.0,0.0
'HYPOMANIA',0.0,0.0,0.0,2.0
'HYPOMETABOLISM',0.0,0.0,0.0,0.0
'HYPONATRAEMIA',0.0,0.0,0.0,2.0
'HYPOPHOSPHATAEMIA',0.0,0.0,0.0,1.0
'HYPOPHOSPHATAEMIC RICKETS',0.0,0.0,0.0,0.0
'HYPOPNOEA',0.0,0.0,0.0,2.0
'HYPOREFLEXIA',0.0,0.0,0.0,0.0
'HYPOSPADIAS',0.0,0.0,0.0,0.0
'HYPOTENSION',0.05,0.5,0.03,37.0
'HYPOTHERMIA',0.0,0.0,0.0,0.0
'HYPOTHYROIDISM',0.0,0.0,0.0,1.0
'HYPOTRICHOSIS',0.05,0.33,0.03,35.0
'HYPOXIA',0.0,0.0,0.0,3.0
'HYSTERECTOMY',0.0,0.0,0.0,9.0
'IDIOPATHIC PULMONARY FIBROSIS',0.0,0.0,0.0,1.0
'ILEUS',0.0,0.0,0.0,1.0
'ILIAC ARTERY OCCLUSION',0.0,0.0,0.0,4.0
'ILL-DEFINED DISORDER',0.0,0.0,0.0,2.0
'ILLUSION',0.0,0.0,0.0,0.0
'IMMUNE SYSTEM DISORDER',0.0,0.0,0.0,1.0
'IMMUNE THROMBOCYTOPENIC PURPURA',0.0,0.0,0.0,1.0
'IMMUNODEFICIENCY',0.0,0.0,0.0,0.0
'IMPAIRED DRIVING ABILITY',0.0,0.0,0.0,1.0
'IMPAIRED HEALING',0.0,0.0,0.0,1.0
'IMPAIRED WORK ABILITY',0.0,0.0,0.0,0.0
'IMPLANT SITE INFECTION',0.0,0.0,0.0,1.0
'IMPULSIVE BEHAVIOUR',0.0,0.0,0.0,0.0
'INAPPROPRIATE SCHEDULE OF DRUG ADMINISTRATION',0.0,0.0,0.0,1.0
'INCOHERENT',0.0,0.0,0.0,6.0
'INCONTINENCE',0.0,0.0,0.0,3.0
'INCORRECT DOSE ADMINISTERED',0.0,0.0,0.0,1.0
'INCREASED APPETITE',0.0,0.0,0.0,1.0
'INCREASED BRONCHIAL SECRETION',0.0,0.0,0.0,0.0
'INCREASED INSULIN REQUIREMENT',0.0,0.0,0.0,0.0
'INCREASED TENDENCY TO BRUISE',0.0,0.0,0.0,0.0
'INCREASED UPPER AIRWAY SECRETION',0.0,0.0,0.0,0.0
'INDURATION',0.0,0.0,0.0,0.0
'INFANTILE SPASMS',0.0,0.0,0.0,0.0
'INFARCTION',0.0,0.0,0.0,0.0
'INFECTION PARASITIC',0.0,0.0,0.0,0.0
'INFECTION',0.0,0.0,0.0,17.0
'INFERTILITY',0.0,0.0,0.0,0.0
'INFLAMMATION',0.12,1.0,0.06,16.0
'INFLAMMATORY BOWEL DISEASE',0.0,0.0,0.0,2.0
'INFLUENZA LIKE ILLNESS',0.12,1.0,0.06,31.0
'INFLUENZA',0.0,0.0,0.0,2.0
'INFREQUENT BOWEL MOVEMENTS',0.0,0.0,0.0,2.0
'INGUINAL HERNIA',0.0,0.0,0.0,1.0
'INITIAL INSOMNIA',0.0,0.0,0.0,2.0
'INJURY CORNEAL',0.0,0.0,0.0,0.0
'INJURY',0.0,0.0,0.0,5.0
'INNER EAR INFLAMMATION',0.0,0.0,0.0,0.0
'INSOMNIA',0.03,0.5,0.02,64.0
'INSULIN RESISTANCE SYNDROME',0.0,0.0,0.0,1.0
'INTENSIVE CARE',0.0,0.0,0.0,1.0
'INTENTIONAL DRUG MISUSE',0.0,0.0,0.0,4.0
'INTENTIONAL OVERDOSE',0.0,0.0,0.0,1.0
'INTENTIONAL SELF-INJURY',0.0,0.0,0.0,1.0
'INTERNATIONAL NORMALISED RATIO DECREASED',0.29,1.0,0.17,6.0
'INTERNATIONAL NORMALISED RATIO FLUCTUATION',0.0,0.0,0.0,0.0
'INTERNATIONAL NORMALISED RATIO INCREASED',0.25,0.5,0.17,6.0
'INTERSTITIAL LUNG DISEASE',0.0,0.0,0.0,1.0
'INTERVERTEBRAL DISC DEGENERATION',0.0,0.0,0.0,1.0
'INTERVERTEBRAL DISC DISORDER',0.0,0.0,0.0,1.0
'INTERVERTEBRAL DISC PROTRUSION',0.0,0.0,0.0,1.0
'INTESTINAL HAEMORRHAGE',0.0,0.0,0.0,1.0
'INTESTINAL OBSTRUCTION',0.0,0.0,0.0,13.0
'INTESTINAL PERFORATION',0.0,0.0,0.0,0.0
'INTESTINAL RESECTION',0.0,0.0,0.0,0.0
'INTESTINAL STENOSIS',0.0,0.0,0.0,2.0
'INTRA-UTERINE DEATH',0.0,0.0,0.0,0.0
'INTRACARDIAC THROMBUS',0.0,0.0,0.0,0.0
'INTRACRANIAL ANEURYSM',0.0,0.0,0.0,1.0
'INTRAOCULAR PRESSURE INCREASED',0.0,0.0,0.0,1.0
'IODINE ALLERGY',0.0,0.0,0.0,0.0
'IRITIS',0.0,0.0,0.0,1.0
'IRON DEFICIENCY ANAEMIA',0.0,0.0,0.0,0.0
'IRON DEFICIENCY',0.0,0.0,0.0,4.0
'IRON OVERLOAD',0.0,0.0,0.0,0.0
'IRRITABILITY',0.0,0.0,0.0,12.0
'IRRITABLE BOWEL SYNDROME',0.0,0.0,0.0,2.0
'ISCHAEMIA',0.0,0.0,0.0,2.0
'ISCHAEMIC STROKE',0.0,0.0,0.0,2.0
'JARISCH-HERXHEIMER REACTION',0.0,0.0,0.0,0.0
'JAUNDICE CHOLESTATIC',0.0,0.0,0.0,2.0
'JAUNDICE',0.0,0.0,0.0,79.0
'JAW DISORDER',0.0,0.0,0.0,1.0
'JAW FRACTURE',0.0,0.0,0.0,1.0
'JOINT DISLOCATION POSTOPERATIVE',0.0,0.0,0.0,0.0
'JOINT DISLOCATION',0.0,0.0,0.0,3.0
'JOINT INJURY',0.0,0.0,0.0,2.0
'JOINT RANGE OF MOTION DECREASED',0.0,0.0,0.0,0.0
'JOINT SPRAIN',0.0,0.0,0.0,0.0
'JOINT STIFFNESS',0.0,0.0,0.0,4.0
'JOINT SWELLING',0.25,1.0,0.14,7.0
'JOINT WARMTH',0.0,0.0,0.0,0.0
'KELOID SCAR',0.0,0.0,0.0,0.0
'KETOACIDOSIS',0.0,0.0,0.0,0.0
'KIDNEY INFECTION',0.0,0.0,0.0,8.0
'KLEBSIELLA BACTERAEMIA',0.0,0.0,0.0,0.0
'KNEE ARTHROPLASTY',0.0,0.0,0.0,3.0
'KNEE OPERATION',0.0,0.0,0.0,0.0
'LABILE HYPERTENSION',0.0,0.0,0.0,0.0
'LABORATORY TEST ABNORMAL',0.0,0.0,0.0,15.0
'LABYRINTHITIS',0.0,0.0,0.0,0.0
'LACERATION',0.26,0.43,0.19,16.0
'LACRIMATION INCREASED',0.17,1.0,0.09,11.0
'LACTIC ACIDOSIS',0.0,0.0,0.0,0.0
'LACTOBACILLUS INFECTION',0.0,0.0,0.0,0.0
'LACTOBACILLUS TEST POSITIVE',0.0,0.0,0.0,0.0
'LACTOSE INTOLERANCE',0.0,0.0,0.0,1.0
'LAPAROSCOPY',0.0,0.0,0.0,0.0
'LARGE INTESTINAL HAEMORRHAGE',0.0,0.0,0.0,2.0
'LARGE INTESTINAL ULCER HAEMORRHAGE',0.0,0.0,0.0,0.0
'LARGE INTESTINAL ULCER',0.0,0.0,0.0,0.0
'LARGE INTESTINE PERFORATION',0.0,0.0,0.0,1.0
'LARGE INTESTINE POLYP',0.0,0.0,0.0,2.0
'LARYNGEAL OEDEMA',0.0,0.0,0.0,0.0
'LARYNGITIS',0.0,0.0,0.0,1.0
'LARYNGOSPASM',0.0,0.0,0.0,0.0
'LEAD URINE INCREASED',0.0,0.0,0.0,0.0
'LEFT VENTRICULAR HYPERTROPHY',0.0,0.0,0.0,0.0
'LEG AMPUTATION',0.0,0.0,0.0,0.0
'LETHARGY',0.28,1.0,0.16,43.0
'LEUKAEMIA',0.0,0.0,0.0,2.0
'LIBIDO DECREASED',0.0,0.0,0.0,0.0
'LIBIDO INCREASED',0.0,0.0,0.0,0.0
'LIGAMENT RUPTURE',0.0,0.0,0.0,1.0
'LIMB DISCOMFORT',0.0,0.0,0.0,7.0
'LIMB INJURY',0.0,0.0,0.0,0.0
'LIP AND/OR ORAL CAVITY CANCER',0.0,0.0,0.0,0.0
'LIP BLISTER',0.0,0.0,0.0,3.0
'LIP DISCOLOURATION',0.0,0.0,0.0,4.0
'LIP DISORDER',0.0,0.0,0.0,0.0
'LIP DRY',0.0,0.0,0.0,6.0
'LIP EXFOLIATION',0.0,0.0,0.0,4.0
'LIP HAEMORRHAGE',0.0,0.0,0.0,4.0
'LIP OEDEMA',0.0,0.0,0.0,0.0
'LIP PAIN',0.0,0.0,0.0,0.0
'LIP SWELLING',0.13,0.67,0.07,27.0
'LIP ULCERATION',0.0,0.0,0.0,0.0
'LIPASE INCREASED',0.0,0.0,0.0,2.0
'LIPIDS INCREASED',0.0,0.0,0.0,0.0
'LISTERIOSIS',0.29,0.29,0.29,7.0
'LIVER DISORDER',0.0,0.0,0.0,9.0
'LIVER FUNCTION TEST ABNORMAL',0.0,0.0,0.0,57.0
'LIVER INJURY',0.0,0.0,0.0,26.0
'LIVER TRANSPLANT REJECTION',0.0,0.0,0.0,0.0
'LIVER TRANSPLANT',0.0,0.0,0.0,2.0
'LOCAL SWELLING',0.16,0.33,0.11,19.0
'LOCALISED INFECTION',0.0,0.0,0.0,6.0
'LOCALISED OEDEMA',0.0,0.0,0.0,10.0
'LONG QT SYNDROME',0.0,0.0,0.0,0.0
'LOOSE STOOLS',0.0,0.0,0.0,0.0
'LOSS OF CONSCIOUSNESS',0.02,0.5,0.01,123.0
'LOSS OF CONTROL OF LEGS',0.0,0.0,0.0,0.0
'LOSS OF LIBIDO',0.0,0.0,0.0,3.0
'LOW DENSITY LIPOPROTEIN INCREASED',0.0,0.0,0.0,0.0
'LOWER LIMB FRACTURE',0.0,0.0,0.0,1.0
'LOWER RESPIRATORY TRACT INFECTION',0.0,0.0,0.0,2.0
'LUMBAR PUNCTURE',0.0,0.0,0.0,0.0
'LUMBAR SPINAL STENOSIS',0.0,0.0,0.0,1.0
'LUMBAR VERTEBRAL FRACTURE',0.0,0.0,0.0,1.0
'LUNG ABSCESS',0.0,0.0,0.0,0.0
'LUNG DISORDER',0.0,0.0,0.0,0.0
'LUNG INFECTION',0.0,0.0,0.0,3.0
'LUNG INJURY',0.0,0.0,0.0,0.0
'LUNG NEOPLASM MALIGNANT',0.0,0.0,0.0,2.0
'LUPUS NEPHRITIS',0.0,0.0,0.0,2.0
'LYMPH GLAND INFECTION',0.0,0.0,0.0,1.0
'LYMPHADENOPATHY',0.44,1.0,0.29,7.0
'LYMPHATIC DISORDER',0.4,1.0,0.25,4.0
'LYMPHOCYTE COUNT DECREASED',0.0,0.0,0.0,0.0
'LYMPHOEDEMA',0.0,0.0,0.0,0.0
'LYMPHOMA',0.0,0.0,0.0,1.0
'MACULAR DEGENERATION',0.25,0.5,0.17,6.0
'MACULAR OEDEMA',0.0,0.0,0.0,0.0
'MACULOPATHY',0.0,0.0,0.0,0.0
'MADAROSIS',0.0,0.0,0.0,1.0
'MAGNESIUM DEFICIENCY',0.0,0.0,0.0,2.0
'MALABSORPTION',0.0,0.0,0.0,0.0
'MALAISE',0.21,0.45,0.14,248.0
'MALIGNANT MELANOMA',0.0,0.0,0.0,0.0
'MALNUTRITION',0.0,0.0,0.0,1.0
'MAMMOGRAM ABNORMAL',0.0,0.0,0.0,0.0
'MAMMOGRAM',0.0,0.0,0.0,0.0
'MANIA',0.0,0.0,0.0,3.0
'MASS',0.0,0.0,0.0,3.0
'MASTICATION DISORDER',0.0,0.0,0.0,2.0
'MATERNAL CONDITION AFFECTING FOETUS',0.0,0.0,0.0,0.0
'MATERNAL EXPOSURE DURING DELIVERY',0.0,0.0,0.0,0.0
'MATERNAL EXPOSURE DURING PREGNANCY',0.0,0.0,0.0,1.0
'MEASLES',0.0,0.0,0.0,0.0
'MEDICATION ERROR',0.0,0.0,0.0,1.0
'MEDICATION RESIDUE PRESENT',0.0,0.0,0.0,0.0
'MEDICATION RESIDUE',0.0,0.0,0.0,4.0
'MELAENA',0.0,0.0,0.0,0.0
'MELANODERMA',0.0,0.0,0.0,0.0
'MELANOSIS COLI',1.0,1.0,1.0,2.0
'MEMORY IMPAIRMENT',0.29,1.0,0.17,12.0
'MENINGIOMA',0.0,0.0,0.0,0.0
'MENINGITIS ASEPTIC',0.0,0.0,0.0,0.0
'MENINGITIS',0.0,0.0,0.0,1.0
'MENISCUS LESION',0.0,0.0,0.0,2.0
'MENOPAUSE',0.0,0.0,0.0,0.0
'MENORRHAGIA',0.0,0.0,0.0,4.0
'MENSTRUAL DISORDER',0.0,0.0,0.0,1.0
'MENSTRUATION DELAYED',0.0,0.0,0.0,0.0
'MENSTRUATION IRREGULAR',0.0,0.0,0.0,2.0
'MENTAL DISORDER',0.0,0.0,0.0,2.0
'MENTAL IMPAIRMENT',0.0,0.0,0.0,4.0
'MENTAL RETARDATION SEVERITY UNSPECIFIED',0.0,0.0,0.0,1.0
'MENTAL RETARDATION',0.0,0.0,0.0,0.0
'MENTAL STATUS CHANGES',0.0,0.0,0.0,4.0
'MESOTHELIOMA MALIGNANT',0.0,0.0,0.0,1.0
'METABOLIC ACIDOSIS',0.0,0.0,0.0,1.0
'METABOLIC DISORDER',0.0,0.0,0.0,0.0
'METABOLIC SYNDROME',0.0,0.0,0.0,0.0
'METAL POISONING',0.5,0.4,0.67,3.0
'METAMORPHOPSIA',0.0,0.0,0.0,0.0
'METAPLASIA',0.0,0.0,0.0,1.0
'METASTASES TO LUNG',0.0,0.0,0.0,0.0
'METASTASIS',0.0,0.0,0.0,0.0
'METASTATIC LYMPHOMA',0.0,0.0,0.0,7.0
'METHICILLIN-RESISTANT STAPHYLOCOCCAL AUREUS TEST POSITIVE',0.0,0.0,0.0,0.0
'METRORRHAGIA',0.0,0.0,0.0,0.0
'MICTURITION DISORDER',0.0,0.0,0.0,1.0
'MICTURITION URGENCY',0.0,0.0,0.0,3.0
'MIDDLE INSOMNIA',0.0,0.0,0.0,0.0
'MIGRAINE WITH AURA',1.0,1.0,1.0,3.0
'MIGRAINE WITHOUT AURA',0.0,0.0,0.0,8.0
'MIGRAINE',0.1,0.33,0.06,36.0
'MILK ALLERGY',0.0,0.0,0.0,0.0
'MILK-ALKALI SYNDROME',0.0,0.0,0.0,0.0
'MIOSIS',0.0,0.0,0.0,0.0
'MITRAL VALVE DISEASE',0.0,0.0,0.0,2.0
'MITRAL VALVE INCOMPETENCE',0.0,0.0,0.0,2.0
'MITRAL VALVE PROLAPSE',0.0,0.0,0.0,0.0
'MOBILITY DECREASED',0.0,0.0,0.0,1.0
'MONOPLEGIA',0.0,0.0,0.0,0.0
'MOOD ALTERED',0.0,0.0,0.0,10.0
'MOOD SWINGS',0.0,0.0,0.0,9.0
'MOTION SICKNESS',0.0,0.0,0.0,1.0
'MOTOR DYSFUNCTION',0.0,0.0,0.0,0.0
'MOUTH HAEMORRHAGE',0.0,0.0,0.0,1.0
'MOUTH INJURY',0.0,0.0,0.0,4.0
'MOUTH ULCERATION',0.0,0.0,0.0,0.0
'MOVEMENT DISORDER',0.0,0.0,0.0,0.0
'MOYAMOYA DISEASE',0.0,0.0,0.0,0.0
'MUCOSAL DISCOLOURATION',0.0,0.0,0.0,0.0
'MUCOSAL INFLAMMATION',0.0,0.0,0.0,0.0
'MUCOUS STOOLS',0.0,0.0,0.0,0.0
'MULTI-ORGAN FAILURE',0.0,0.0,0.0,2.0
'MULTIPLE FRACTURES',0.0,0.0,0.0,0.0
'MULTIPLE INJURIES',0.0,0.0,0.0,2.0
'MULTIPLE MYELOMA',0.0,0.0,0.0,0.0
'MULTIPLE SCLEROSIS RELAPSE',0.0,0.0,0.0,0.0
'MULTIPLE SCLEROSIS',0.0,0.0,0.0,2.0
'MULTIPLE SYSTEM ATROPHY',0.0,0.0,0.0,0.0
'MUMPS',0.0,0.0,0.0,0.0
'MUSCLE ATROPHY',0.0,0.0,0.0,1.0
'MUSCLE CRAMP',0.0,0.0,0.0,0.0
'MUSCLE DISORDER',0.0,0.0,0.0,0.0
'MUSCLE ENZYME INCREASED',0.0,0.0,0.0,0.0
'MUSCLE FATIGUE',0.0,0.0,0.0,2.0
'MUSCLE HYPERTROPHY',0.0,0.0,0.0,0.0
'MUSCLE INJURY',0.0,0.0,0.0,3.0
'MUSCLE NECROSIS',0.0,0.0,0.0,0.0
'MUSCLE RIGIDITY',0.0,0.0,0.0,0.0
'MUSCLE RUPTURE',0.0,0.0,0.0,1.0
'MUSCLE SPASMS',0.07,0.67,0.04,51.0
'MUSCLE STRAIN',0.0,0.0,0.0,4.0
'MUSCLE TIGHTNESS',0.0,0.0,0.0,3.0
'MUSCLE TWITCHING',0.0,0.0,0.0,7.0
'MUSCULAR WEAKNESS',0.12,0.5,0.07,15.0
'MUSCULOSKELETAL CHEST PAIN',0.0,0.0,0.0,5.0
'MUSCULOSKELETAL DISCOMFORT',0.0,0.0,0.0,1.0
'MUSCULOSKELETAL DISORDER',0.0,0.0,0.0,5.0
'MUSCULOSKELETAL PAIN',0.0,0.0,0.0,5.0
'MUSCULOSKELETAL STIFFNESS',0.0,0.0,0.0,8.0
'MYALGIA',0.05,0.25,0.03,33.0
'MYASTHENIA GRAVIS',0.0,0.0,0.0,2.0
'MYDRIASIS',0.0,0.0,0.0,3.0
'MYELODYSPLASTIC SYNDROME',0.0,0.0,0.0,7.0
'MYELOPROLIFERATIVE DISORDER',0.0,0.0,0.0,0.0
'MYOCARDIAL INFARCTION',0.07,1.0,0.04,83.0
'MYOCARDITIS',0.0,0.0,0.0,0.0
'MYOCLONUS',0.0,0.0,0.0,1.0
'MYODESOPSIA',0.0,0.0,0.0,3.0
'MYOGLOBINURIA',0.0,0.0,0.0,1.0
'MYOPATHY STEROID',0.0,0.0,0.0,1.0
'MYOPATHY TOXIC',0.0,0.0,0.0,1.0
'MYOPATHY',0.0,0.0,0.0,1.0
'NAIL BED TENDERNESS',0.0,0.0,0.0,0.0
'NAIL DISCOLOURATION',0.0,0.0,0.0,4.0
'NAIL DISORDER',0.0,0.0,0.0,0.0
'NAIL GROWTH ABNORMAL',0.0,0.0,0.0,0.0
'NAIL INFECTION',0.0,0.0,0.0,0.0
'NAIL INJURY',0.0,0.0,0.0,0.0
'NASAL CONGESTION',0.0,0.0,0.0,5.0
'NASAL DISCOMFORT',0.0,0.0,0.0,2.0
'NASAL SINUS DRAINAGE',0.0,0.0,0.0,0.0
'NASOPHARYNGITIS',0.0,0.0,0.0,3.0
'NAUSEA',0.22,0.46,0.14,557.0
'NECK DEFORMITY',0.0,0.0,0.0,0.0
'NECK INJURY',0.0,0.0,0.0,0.0
'NECK PAIN',0.0,0.0,0.0,3.0
'NECROSIS',0.0,0.0,0.0,1.0
'NECROTISING COLITIS',0.0,0.0,0.0,0.0
'NECROTISING FASCIITIS',0.0,0.0,0.0,1.0
'NEGATIVE THOUGHTS',0.8,0.67,1.0,2.0
'NEOPLASM MALIGNANT',0.13,1.0,0.07,14.0
'NEOPLASM PROGRESSION',0.0,0.0,0.0,0.0
'NEOPLASM SKIN',0.0,0.0,0.0,5.0
'NEOPLASM',0.0,0.0,0.0,3.0
'NEPHRITIS',0.0,0.0,0.0,0.0
'NEPHROLITHIASIS',0.0,0.0,0.0,35.0
'NEPHROPATHY',0.0,0.0,0.0,0.0
'NEPHROTIC SYNDROME',0.0,0.0,0.0,1.0
'NERVE COMPRESSION',0.0,0.0,0.0,0.0
'NERVE INJURY',0.0,0.0,0.0,6.0
'NERVE ROOT LESION',0.0,0.0,0.0,0.0
'NERVOUS SYSTEM DISORDER',0.0,0.0,0.0,1.0
'NERVOUSNESS',0.08,1.0,0.04,23.0
'NEURALGIA',0.0,0.0,0.0,0.0
'NEUROLOGICAL EXAMINATION ABNORMAL',0.0,0.0,0.0,0.0
'NEUROLOGICAL SYMPTOM',0.0,0.0,0.0,0.0
'NEUROMYOPATHY',0.0,0.0,0.0,1.0
'NEUROPATHY PERIPHERAL',0.0,0.0,0.0,8.0
'NEUROPATHY',0.0,0.0,0.0,1.0
'NEUTROPENIA',0.0,0.0,0.0,1.0
'NIGHT SWEATS',0.0,0.0,0.0,3.0
'NIGHTMARE',0.0,0.0,0.0,5.0
'NIPPLE PAIN',0.0,0.0,0.0,0.0
'NO ADVERSE EVENT',0.0,0.0,0.0,1.0
'NO THERAPEUTIC RESPONSE',0.0,0.0,0.0,1.0
'NODULE',0.0,0.0,0.0,2.0
'NON-CARDIAC CHEST PAIN',0.0,0.0,0.0,0.0
'NON-SMALL CELL LUNG CANCER',0.0,0.0,0.0,0.0
'NONSPECIFIC REACTION',0.0,0.0,0.0,1.0
'NORMAL PRESSURE HYDROCEPHALUS',0.0,0.0,0.0,1.0
'NOSOCOMIAL INFECTION',0.0,0.0,0.0,0.0
'NUCLEAR MAGNETIC RESONANCE IMAGING BRAIN ABNORMAL',0.0,0.0,0.0,1.0
'NUCLEAR MAGNETIC RESONANCE IMAGING',0.0,0.0,0.0,0.0
'NYSTAGMUS',0.0,0.0,0.0,0.0
'Not coded',0.0,0.0,0.0,0.0
'OBESITY',0.0,0.0,0.0,2.0
'OBSESSIVE-COMPULSIVE DISORDER',0.0,0.0,0.0,0.0
'OBSTRUCTED LABOUR',0.0,0.0,0.0,1.0
'OBSTRUCTION GASTRIC',0.0,0.0,0.0,1.0
'OBSTRUCTIVE AIRWAYS DISORDER',0.0,0.0,0.0,5.0
'OCCIPITAL NEURALGIA',0.0,0.0,0.0,0.0
'OCULAR HYPERAEMIA',0.0,0.0,0.0,9.0
'OCULAR HYPERTENSION',0.0,0.0,0.0,1.0
'OCULAR ICTERUS',0.0,0.0,0.0,3.0
'ODYNOPHAGIA',0.0,0.0,0.0,2.0
'OEDEMA MOUTH',0.5,1.0,0.33,3.0
'OEDEMA PERIPHERAL',0.0,0.0,0.0,7.0
'OEDEMA',0.0,0.0,0.0,11.0
'OESOPHAGEAL ACHALASIA',0.0,0.0,0.0,0.0
'OESOPHAGEAL CARCINOMA',0.0,0.0,0.0,2.0
'OESOPHAGEAL DISCOMFORT',0.0,0.0,0.0,2.0
'OESOPHAGEAL DISORDER',0.0,0.0,0.0,5.0
'OESOPHAGEAL FOOD IMPACTION',0.0,0.0,0.0,0.0
'OESOPHAGEAL HAEMORRHAGE',0.0,0.0,0.0,2.0
'OESOPHAGEAL INJURY',0.17,0.5,0.1,10.0
'OESOPHAGEAL IRRITATION',0.0,0.0,0.0,2.0
'OESOPHAGEAL MOTILITY DISORDER',0.0,0.0,0.0,0.0
'OESOPHAGEAL OBSTRUCTION',0.0,0.0,0.0,0.0
'OESOPHAGEAL PAIN',0.0,0.0,0.0,3.0
'OESOPHAGEAL RUPTURE',0.0,0.0,0.0,1.0
'OESOPHAGEAL SPASM',0.0,0.0,0.0,0.0
'OESOPHAGEAL ULCER',0.0,0.0,0.0,3.0
'OESOPHAGEAL VARICES HAEMORRHAGE',0.0,0.0,0.0,1.0
'OESOPHAGITIS',0.0,0.0,0.0,3.0
'OESOPHAGOGASTRIC FUNDOPLASTY',0.0,0.0,0.0,0.0
'OFF LABEL USE',0.0,0.0,0.0,0.0
'OLIGOHYDRAMNIOS',0.0,0.0,0.0,1.0
'OLIGOMENORRHOEA',0.0,0.0,0.0,1.0
'OLIGURIA',0.0,0.0,0.0,1.0
'ONYCHALGIA',0.0,0.0,0.0,0.0
'ONYCHOCLASIS',0.0,0.0,0.0,2.0
'ONYCHOLYSIS',0.0,0.0,0.0,0.0
'ONYCHOMADESIS',0.0,0.0,0.0,0.0
'OPEN ANGLE GLAUCOMA',0.0,0.0,0.0,0.0
'OPEN WOUND',0.0,0.0,0.0,0.0
'OPHTHALMOLOGICAL EXAMINATION',0.0,0.0,0.0,2.0
'OPTIC ISCHAEMIC NEUROPATHY',0.0,0.0,0.0,1.0
'OPTIC NERVE INJURY',0.0,0.0,0.0,0.0
'OPTIC NEURITIS',0.0,0.0,0.0,0.0
'ORAL ALLERGY SYNDROME',0.0,0.0,0.0,0.0
'ORAL CANDIDIASIS',0.0,0.0,0.0,0.0
'ORAL DISCOMFORT',0.0,0.0,0.0,4.0
'ORAL DISORDER',0.0,0.0,0.0,0.0
'ORAL DYSAESTHESIA',0.0,0.0,0.0,6.0
'ORAL HERPES',0.0,0.0,0.0,2.0
'ORAL INFECTION',0.0,0.0,0.0,0.0
'ORAL MUCOSAL BLISTERING',0.0,0.0,0.0,4.0
'ORAL PAIN',0.0,0.0,0.0,0.0
'ORAL PAPILLOMA',0.0,0.0,0.0,0.0
'ORAL PRURITUS',0.0,0.0,0.0,1.0
'ORGAN FAILURE',0.0,0.0,0.0,3.0
'OROPHARYNGEAL BLISTERING',0.0,0.0,0.0,0.0
'OROPHARYNGEAL DISCOMFORT',0.0,0.0,0.0,4.0
'OROPHARYNGEAL PAIN',0.04,0.33,0.02,51.0
'OROPHARYNGEAL SPASM',0.0,0.0,0.0,0.0
'OROPHARYNGEAL SWELLING',0.0,0.0,0.0,24.0
'ORTHOSTATIC HYPOTENSION',0.0,0.0,0.0,0.0
'OSTEOARTHRITIS',0.0,0.0,0.0,2.0
'OSTEOGENESIS IMPERFECTA',0.0,0.0,0.0,0.0
'OSTEOMYELITIS',0.0,0.0,0.0,0.0
'OSTEONECROSIS',0.0,0.0,0.0,1.0
'OSTEOPENIA',0.0,0.0,0.0,7.0
'OSTEOPOROSIS',0.0,0.0,0.0,1.0
'OSTEOPOROTIC FRACTURE',0.0,0.0,0.0,1.0
'OTORRHOEA',0.0,0.0,0.0,0.0
'OTOTOXICITY',0.0,0.0,0.0,1.0
'OVARIAN CANCER STAGE IV',0.0,0.0,0.0,0.0
'OVARIAN CANCER',0.0,0.0,0.0,16.0
'OVARIAN CYST',0.0,0.0,0.0,0.0
'OVARIAN MASS',0.0,0.0,0.0,1.0
'OVERDOSE',0.18,0.67,0.11,19.0
'OXYGEN SATURATION ABNORMAL',0.0,0.0,0.0,0.0
'OXYGEN SATURATION DECREASED',0.0,0.0,0.0,1.0
'PAIN IN EXTREMITY',0.0,0.0,0.0,19.0
'PAIN IN JAW',0.0,0.0,0.0,6.0
'PAIN OF SKIN',0.0,0.0,0.0,7.0
'PAIN',0.12,0.52,0.06,201.0
'PAINFUL DEFAECATION',0.0,0.0,0.0,1.0
'PAINFUL ERECTION',0.0,0.0,0.0,1.0
'PAINFUL RESPIRATION',0.0,0.0,0.0,1.0
'PALATAL SWELLING',0.0,0.0,0.0,1.0
'PALLOR',0.0,0.0,0.0,7.0
'PALPITATIONS',0.07,0.62,0.04,132.0
'PANCREATIC CARCINOMA',0.0,0.0,0.0,2.0
'PANCREATIC DISORDER',0.0,0.0,0.0,4.0
'PANCREATIC ENZYMES INCREASED',0.0,0.0,0.0,1.0
'PANCREATITIS ACUTE',0.0,0.0,0.0,3.0
'PANCREATITIS',0.07,0.5,0.04,25.0
'PANIC ATTACK',0.0,0.0,0.0,31.0
'PANIC DISORDER',0.0,0.0,0.0,0.0
'PANIC REACTION',0.0,0.0,0.0,1.0
'PAPILLARY THYROID CANCER',0.0,0.0,0.0,0.0
'PAPILLOEDEMA',0.0,0.0,0.0,0.0
'PARAESTHESIA ORAL',0.0,0.0,0.0,1.0
'PARAESTHESIA',0.09,0.2,0.05,55.0
'PARALYSIS',0.0,0.0,0.0,4.0
'PARANOIA',0.57,1.0,0.4,5.0
'PARATHYROID DISORDER',0.0,0.0,0.0,1.0
'PARATHYROID TUMOUR',0.0,0.0,0.0,1.0
'PARATHYROIDECTOMY',0.0,0.0,0.0,0.0
'PARESIS',0.0,0.0,0.0,1.0
'PAROSMIA',0.0,0.0,0.0,1.0
'PARTIAL SEIZURES',0.0,0.0,0.0,0.0
'PATELLA FRACTURE',0.0,0.0,0.0,0.0
'PATHOLOGICAL FRACTURE',0.0,0.0,0.0,1.0
'PELVIC FLOOR DYSSYNERGIA',0.0,0.0,0.0,0.0
'PELVIC FRACTURE',0.0,0.0,0.0,0.0
'PELVIC PAIN',0.0,0.0,0.0,3.0
'PENILE CANCER',0.0,0.0,0.0,0.0
'PENILE HAEMORRHAGE',0.0,0.0,0.0,2.0
'PENILE SWELLING',0.0,0.0,0.0,1.0
'PENIS DISORDER',0.0,0.0,0.0,1.0
'PERFORMANCE STATUS DECREASED',0.0,0.0,0.0,0.0
'PERICARDIAL EFFUSION',0.0,0.0,0.0,0.0
'PERICARDITIS',0.0,0.0,0.0,0.0
'PERINEAL PAIN',0.0,0.0,0.0,0.0
'PERIORBITAL HAEMATOMA',0.0,0.0,0.0,0.0
'PERIORBITAL OEDEMA',0.0,0.0,0.0,0.0
'PERIPHERAL COLDNESS',0.0,0.0,0.0,2.0
'PERIPHERAL SENSORY NEUROPATHY',0.0,0.0,0.0,0.0
'PERIPHERAL VASCULAR DISORDER',0.0,0.0,0.0,0.0
'PERIPORTAL OEDEMA',0.0,0.0,0.0,2.0
'PERITONITIS',0.0,0.0,0.0,0.0
'PERIVENTRICULAR LEUKOMALACIA',0.0,0.0,0.0,0.0
'PERONEAL NERVE PALSY',0.0,0.0,0.0,2.0
'PERSONALITY CHANGE',0.0,0.0,0.0,3.0
'PERTUSSIS',0.0,0.0,0.0,0.0
'PETECHIAE',0.0,0.0,0.0,3.0
'PETIT MAL EPILEPSY',0.0,0.0,0.0,2.0
'PH URINE ABNORMAL',0.0,0.0,0.0,0.0
'PHARMACOPHOBIA',0.0,0.0,0.0,0.0
'PHARYNGEAL ABSCESS',0.0,0.0,0.0,0.0
'PHARYNGEAL DISORDER',0.0,0.0,0.0,1.0
'PHARYNGEAL ERYTHEMA',0.0,0.0,0.0,1.0
'PHARYNGEAL HAEMORRHAGE',0.0,0.0,0.0,3.0
'PHARYNGEAL INFLAMMATION',0.0,0.0,0.0,0.0
'PHARYNGEAL INJURY',0.0,0.0,0.0,9.0
'PHARYNGEAL OEDEMA',0.27,0.83,0.16,31.0
'PHARYNGITIS STREPTOCOCCAL',0.0,0.0,0.0,1.0
'PHARYNGITIS',0.11,0.2,0.08,26.0
'PHARYNGOLARYNGEAL PAIN',0.0,0.0,0.0,0.0
'PHOTODERMATOSIS',0.0,0.0,0.0,3.0
'PHOTOPHOBIA',0.0,0.0,0.0,5.0
'PHOTOPSIA',0.0,0.0,0.0,0.0
'PHYSICAL ABUSE',0.0,0.0,0.0,0.0
'PHYSICAL BREAST EXAMINATION ABNORMAL',0.0,0.0,0.0,0.0
'PHYSICAL DISABILITY',0.0,0.0,0.0,0.0
'PHYSICAL EXAMINATION ABNORMAL',0.0,0.0,0.0,1.0
'PHYSICAL EXAMINATION',0.0,0.0,0.0,5.0
'PICA',0.0,0.0,0.0,0.0
'PIGMENTATION DISORDER',0.0,0.0,0.0,2.0
'PILOERECTION',0.0,0.0,0.0,1.0
'PINEAL GLAND CYST',0.0,0.0,0.0,0.0
'PITTING OEDEMA',0.0,0.0,0.0,0.0
'PLANTAR FASCIITIS',0.0,0.0,0.0,0.0
'PLASMA CELL MYELOMA',0.0,0.0,0.0,3.0
'PLATELET COUNT ABNORMAL',0.0,0.0,0.0,0.0
'PLATELET COUNT DECREASED',0.0,0.0,0.0,10.0
'PLATELET COUNT INCREASED',0.0,0.0,0.0,1.0
'PLATELET DISORDER',0.0,0.0,0.0,1.0
'PLEURAL EFFUSION',0.0,0.0,0.0,0.0
'PLEURISY',0.0,0.0,0.0,0.0
'PLEURITIC PAIN',0.0,0.0,0.0,4.0
'PLICATED TONGUE',0.0,0.0,0.0,1.0
'PNEUMONIA ASPIRATION',0.0,0.0,0.0,3.0
'PNEUMONIA BACTERIAL',0.0,0.0,0.0,0.0
'PNEUMONIA PRIMARY ATYPICAL',0.0,0.0,0.0,1.0
'PNEUMONIA VIRAL',0.0,0.0,0.0,1.0
'PNEUMONIA',0.0,0.0,0.0,38.0
'PNEUMONITIS',0.0,0.0,0.0,0.0
'PNEUMOTHORAX',0.0,0.0,0.0,1.0
'PO2 DECREASED',0.0,0.0,0.0,1.0
'POISONING',0.0,0.0,0.0,10.0
'POLLAKIURIA',0.0,0.0,0.0,11.0
'POLYCYTHAEMIA VERA',0.0,0.0,0.0,3.0
'POLYCYTHAEMIA',0.0,0.0,0.0,0.0
'POLYDIPSIA',0.0,0.0,0.0,0.0
'POLYMENORRHOEA',0.0,0.0,0.0,1.0
'POLYMYALGIA RHEUMATICA',0.0,0.0,0.0,2.0
'POLYNEUROPATHY',0.0,0.0,0.0,1.0
'POLYP',0.0,0.0,0.0,1.0
'POLYURIA',0.0,0.0,0.0,0.0
'POOR PERIPHERAL CIRCULATION',0.0,0.0,0.0,0.0
'POOR QUALITY DRUG ADMINISTERED',0.0,0.0,0.0,1.0
'POOR QUALITY SLEEP',0.0,0.0,0.0,1.0
'POOR WEIGHT GAIN NEONATAL',0.0,0.0,0.0,0.0
'PORTAL HYPERTENSION',0.0,0.0,0.0,0.0
'PORTAL VEIN THROMBOSIS',0.0,0.0,0.0,0.0
'POST PROCEDURAL COMPLICATION',0.0,0.0,0.0,0.0
'POST PROCEDURAL HAEMORRHAGE',0.0,0.0,0.0,0.0
'POST PROCEDURAL INFECTION',0.0,0.0,0.0,1.0
'POSTICTAL STATE',0.0,0.0,0.0,0.0
'POSTMENOPAUSAL HAEMORRHAGE',0.0,0.0,0.0,0.0
'POSTNASAL DRIP',0.0,0.0,0.0,2.0
'POSTOPERATIVE THROMBOSIS',0.0,0.0,0.0,0.0
'POSTURAL ORTHOSTATIC TACHYCARDIA SYNDROME',0.0,0.0,0.0,0.0
'PRE-ECLAMPSIA',0.0,0.0,0.0,1.0
'PRE-EXISTING CONDITION IMPROVED',0.0,0.0,0.0,0.0
'PREGNANCY INDUCED HYPERTENSION',0.0,0.0,0.0,0.0
'PREGNANCY',0.0,0.0,0.0,0.0
'PREMATURE BABY',0.0,0.0,0.0,4.0
'PREMATURE DELIVERY',0.0,0.0,0.0,0.0
'PREMATURE LABOUR',0.0,0.0,0.0,2.0
'PREMATURE RUPTURE OF MEMBRANES',0.0,0.0,0.0,0.0
'PREMATURE SEPARATION OF PLACENTA',0.0,0.0,0.0,0.0
'PREMENSTRUAL PAIN',0.0,0.0,0.0,1.0
'PRESYNCOPE',0.0,0.0,0.0,0.0
'PRIAPISM',0.0,0.0,0.0,1.0
'PRINZMETAL ANGINA',0.0,0.0,0.0,1.0
'PROCTALGIA',0.0,0.0,0.0,3.0
'PROCTITIS ULCERATIVE',0.0,0.0,0.0,1.0
'PRODUCT SOLUBILITY ABNORMAL',0.0,0.0,0.0,0.0
'PRODUCTIVE COUGH',0.0,0.0,0.0,3.0
'PROLONGED LABOUR',0.0,0.0,0.0,2.0
'PROSTATE CANCER METASTATIC',0.0,0.0,0.0,2.0
'PROSTATE CANCER RECURRENT',0.0,0.0,0.0,0.0
'PROSTATE CANCER',0.0,0.0,0.0,12.0
'PROSTATE INFECTION',0.0,0.0,0.0,2.0
'PROSTATECTOMY',0.0,0.0,0.0,2.0
'PROSTATIC DISORDER',0.0,0.0,0.0,1.0
'PROSTATIC PAIN',0.0,0.0,0.0,0.0
'PROSTATIC SPECIFIC ANTIGEN INCREASED',0.0,0.0,0.0,7.0
'PROSTATITIS',0.0,0.0,0.0,0.0
'PROSTATOMEGALY',0.0,0.0,0.0,4.0
'PROTEIN TOTAL INCREASED',0.0,0.0,0.0,0.0
'PROTEIN URINE PRESENT',0.0,0.0,0.0,1.0
'PROTEINURIA',0.0,0.0,0.0,1.0
'PROTHROMBIN LEVEL INCREASED',0.0,0.0,0.0,0.0
'PROTHROMBIN TIME ABNORMAL',0.0,0.0,0.0,0.0
'PROTHROMBIN TIME PROLONGED',0.0,0.0,0.0,0.0
'PRURITUS GENERALISED',0.0,0.0,0.0,1.0
'PRURITUS',0.11,0.64,0.06,286.0
'PSEUDOMONAS INFECTION',0.0,0.0,0.0,2.0
'PSORIASIS',0.0,0.0,0.0,1.0
'PSYCHOMOTOR HYPERACTIVITY',0.0,0.0,0.0,9.0
'PSYCHOMOTOR SKILLS IMPAIRED',0.0,0.0,0.0,0.0
'PSYCHOTIC BEHAVIOUR',0.0,0.0,0.0,0.0
'PSYCHOTIC DISORDER',0.0,0.0,0.0,10.0
'PTERYGIUM',0.0,0.0,0.0,0.0
'PULMONARY ARTERIAL HYPERTENSION',0.0,0.0,0.0,1.0
'PULMONARY CONGESTION',0.0,0.0,0.0,2.0
'PULMONARY EMBOLISM',0.0,0.0,0.0,11.0
'PULMONARY FIBROSIS',0.0,0.0,0.0,1.0
'PULMONARY HAEMORRHAGE',0.0,0.0,0.0,2.0
'PULMONARY HYPERTENSION',0.0,0.0,0.0,3.0
'PULMONARY MASS',0.0,0.0,0.0,0.0
'PULMONARY OEDEMA',0.5,0.5,0.5,4.0
'PULMONARY PAIN',0.0,0.0,0.0,0.0
'PULMONARY THROMBOSIS',0.0,0.0,0.0,0.0
'PULMONARY TOXICITY',0.0,0.0,0.0,0.0
'PULSE ABNORMAL',0.0,0.0,0.0,0.0
'PULSE ABSENT',0.0,0.0,0.0,0.0
'PUPIL FIXED',0.0,0.0,0.0,2.0
'PUPILS UNEQUAL',0.0,0.0,0.0,1.0
'PURPURA',0.0,0.0,0.0,1.0
'PYELONEPHRITIS ACUTE',0.0,0.0,0.0,0.0
'PYELONEPHRITIS',0.8,1.0,0.67,3.0
'PYREXIA',0.04,0.33,0.02,51.0
'QRS AXIS ABNORMAL',0.0,0.0,0.0,0.0
'QUANTITATIVE',0.0,0.0,0.0,0.0
'RADIAL NERVE PALSY',0.0,0.0,0.0,1.0
'RALES',0.0,0.0,0.0,0.0
'RASH ERYTHEMATOUS',0.0,0.0,0.0,14.0
'RASH GENERALISED',0.0,0.0,0.0,9.0
'RASH MACULAR',0.1,1.0,0.05,19.0
'RASH PAPULAR',0.0,0.0,0.0,14.0
'RASH PRURITIC',0.0,0.0,0.0,12.0
'RASH PUSTULAR',0.0,0.0,0.0,0.0
'RASH',0.15,0.46,0.09,185.0
'REACTION TO COLOURING',0.0,0.0,0.0,1.0
'REACTION TO DRUG EXCIPIENTS',0.0,0.0,0.0,1.0
'REACTION TO FOOD ADDITIVE',0.0,0.0,0.0,1.0
'READING DISORDER',0.0,0.0,0.0,0.0
'REBOUND EFFECT',0.0,0.0,0.0,1.0
'RECTAL CANCER',0.0,0.0,0.0,1.0
'RECTAL DISCHARGE',0.0,0.0,0.0,0.0
'RECTAL FISSURE',0.0,0.0,0.0,2.0
'RECTAL HAEMORRHAGE',0.04,0.17,0.02,41.0
'RECTAL OBSTRUCTION',0.0,0.0,0.0,0.0
'RECTAL PROLAPSE',0.0,0.0,0.0,0.0
'RECTAL TENESMUS',0.0,0.0,0.0,0.0
'RED BLOOD CELL ABNORMALITY',0.0,0.0,0.0,0.0
'RED BLOOD CELL COUNT DECREASED',0.0,0.0,0.0,1.0
'RED CELL DISTRIBUTION WIDTH INCREASED',0.0,0.0,0.0,0.0
'REFLUX OESOPHAGITIS',0.0,0.0,0.0,0.0
'REGURGITATION',0.0,0.0,0.0,5.0
'REMOVAL OF FOREIGN BODY FROM THROAT',0.0,0.0,0.0,4.0
'RENAL ARTERY OCCLUSION',0.0,0.0,0.0,0.0
'RENAL CANCER',0.0,0.0,0.0,1.0
'RENAL CYST',0.0,0.0,0.0,0.0
'RENAL DISORDER',0.24,0.67,0.15,27.0
'RENAL FAILURE ACUTE',0.0,0.0,0.0,17.0
'RENAL FAILURE CHRONIC',0.0,0.0,0.0,1.0
'RENAL FAILURE',0.0,0.0,0.0,16.0
'RENAL FUNCTION TEST ABNORMAL',0.0,0.0,0.0,3.0
'RENAL FUNCTION TEST NORMAL',0.0,0.0,0.0,0.0
'RENAL HAEMORRHAGE',0.0,0.0,0.0,0.0
'RENAL IMPAIRMENT',0.0,0.0,0.0,9.0
'RENAL INJURY',0.0,0.0,0.0,0.0
'RENAL INSUFFICIENCY',0.0,0.0,0.0,2.0
'RENAL PAIN',0.2,0.5,0.12,8.0
'RENAL TRANSPLANT',0.0,0.0,0.0,1.0
'RENAL TUBULAR NECROSIS',0.0,0.0,0.0,0.0
'RENAL TUMOUR EXCISION',0.0,0.0,0.0,1.0
'RENAL VEIN THROMBOSIS',0.0,0.0,0.0,0.0
'REPRODUCTIVE TRACT DISORDER',0.0,0.0,0.0,1.0
'RESORPTION BONE INCREASED',0.0,0.0,0.0,1.0
'RESPIRATION ABNORMAL',0.0,0.0,0.0,0.0
'RESPIRATORY ALKALOSIS',0.0,0.0,0.0,0.0
'RESPIRATORY ARREST',0.0,0.0,0.0,9.0
'RESPIRATORY DEPRESSION',0.0,0.0,0.0,1.0
'RESPIRATORY DISORDER',0.0,0.0,0.0,8.0
'RESPIRATORY DISTRESS',0.0,0.0,0.0,0.0
'RESPIRATORY FAILURE',0.0,0.0,0.0,0.0
'RESPIRATORY MONILIASIS',0.0,0.0,0.0,1.0
'RESPIRATORY RATE INCREASED',0.0,0.0,0.0,0.0
'RESPIRATORY TRACT CONGESTION',0.0,0.0,0.0,1.0
'RESPIRATORY TRACT INFECTION',0.0,0.0,0.0,1.0
'RESPIRATORY TRACT IRRITATION',0.0,0.0,0.0,0.0
'RESTLESS LEGS SYNDROME',0.0,0.0,0.0,4.0
'RESTLESSNESS',0.0,0.0,0.0,7.0
'RESUSCITATION',0.0,0.0,0.0,2.0
'RETCHING',0.08,0.25,0.05,43.0
'RETINAL ARTERY EMBOLISM',0.0,0.0,0.0,0.0
'RETINAL DETACHMENT',0.0,0.0,0.0,0.0
'RETINAL HAEMORRHAGE',0.0,0.0,0.0,3.0
'RETINAL NEOVASCULARISATION',0.0,0.0,0.0,0.0
'RETINAL OEDEMA',0.0,0.0,0.0,0.0
'RETINAL SCAR',0.0,0.0,0.0,0.0
'RETINAL TEAR',0.0,0.0,0.0,2.0
'RETINOPATHY',0.0,0.0,0.0,0.0
'RETROGRADE EJACULATION',0.0,0.0,0.0,0.0
'RETROPERITONEAL HAEMORRHAGE',0.0,0.0,0.0,0.0
'RHABDOMYOLYSIS',0.0,0.0,0.0,17.0
'RHEUMATOID ARTHRITIS',0.0,0.0,0.0,1.0
'RHEUMATOID FACTOR INCREASED',0.0,0.0,0.0,0.0
'RHINORRHOEA',0.5,0.75,0.38,8.0
'RIB FRACTURE',0.0,0.0,0.0,4.0
'RIGORS',0.0,0.0,0.0,0.0
'ROAD TRAFFIC ACCIDENT',0.0,0.0,0.0,4.0
'ROCKY MOUNTAIN SPOTTED FEVER',0.0,0.0,0.0,0.0
'ROSACEA',0.0,0.0,0.0,7.0
'ROTATOR CUFF SYNDROME',0.0,0.0,0.0,1.0
'ROTAVIRUS INFECTION',0.0,0.0,0.0,0.0
'SALIVARY GLAND CALCULUS',0.0,0.0,0.0,0.0
'SALIVARY GLAND DISORDER',0.0,0.0,0.0,1.0
'SALIVARY HYPERSECRETION',0.0,0.0,0.0,1.0
'SALMONELLOSIS',0.0,0.0,0.0,0.0
'SARCOIDOSIS',0.0,0.0,0.0,3.0
'SARCOMA',0.0,0.0,0.0,1.0
'SCAB',0.0,0.0,0.0,10.0
'SCAR',0.0,0.0,0.0,4.0
'SCARLET FEVER',0.0,0.0,0.0,0.0
'SCHIZOPHRENIA',0.0,0.0,0.0,0.0
'SCIATICA',0.0,0.0,0.0,0.0
'SCOLIOSIS',0.0,0.0,0.0,0.0
'SCOTOMA',0.0,0.0,0.0,0.0
'SCRATCH',0.0,0.0,0.0,1.0
'SCREAMING',0.0,0.0,0.0,0.0
'SCROTAL SWELLING',0.0,0.0,0.0,1.0
'SEBORRHOEA',0.0,0.0,0.0,3.0
'SEBORRHOEIC DERMATITIS',0.0,0.0,0.0,0.0
'SECONDARY ADRENOCORTICAL INSUFFICIENCY',0.0,0.0,0.0,0.0
'SECRETION DISCHARGE',0.0,0.0,0.0,3.0
'SEDATION',0.0,0.0,0.0,0.0
'SELF INJURIOUS BEHAVIOUR',0.0,0.0,0.0,0.0
'SEMEN DISCOLOURATION',0.0,0.0,0.0,0.0
'SENSATION OF BLOOD FLOW',0.0,0.0,0.0,0.0
'SENSATION OF FOREIGN BODY',0.0,0.0,0.0,7.0
'SENSATION OF HEAVINESS',0.0,0.0,0.0,2.0
'SENSATION OF PRESSURE',0.0,0.0,0.0,3.0
'SENSITIVITY OF TEETH',0.0,0.0,0.0,1.0
'SENSORY DISTURBANCE',0.0,0.0,0.0,0.0
'SENSORY LOSS',0.0,0.0,0.0,2.0
'SEPSIS',0.0,0.0,0.0,9.0
'SEPTIC SHOCK',0.0,0.0,0.0,0.0
'SEROTONIN SYNDROME',0.0,0.0,0.0,1.0
'SEXUAL DYSFUNCTION',0.0,0.0,0.0,0.0
'SHIGELLA INFECTION',0.0,0.0,0.0,0.0
'SHOCK HYPOGLYCAEMIC',0.0,0.0,0.0,1.0
'SHOCK',0.08,0.17,0.05,19.0
'SHOULDER OPERATION',0.0,0.0,0.0,0.0
'SILENT MYOCARDIAL INFARCTION',0.0,0.0,0.0,0.0
'SIMPLE PARTIAL SEIZURES',0.0,0.0,0.0,1.0
'SINUS ARREST',0.0,0.0,0.0,0.0
'SINUS BRADYCARDIA',0.0,0.0,0.0,0.0
'SINUS CONGESTION',0.0,0.0,0.0,0.0
'SINUS DISORDER',0.0,0.0,0.0,5.0
'SINUS HEADACHE',0.5,1.0,0.33,3.0
'SINUS OPERATION',0.0,0.0,0.0,0.0
'SINUS PAIN',0.0,0.0,0.0,0.0
'SINUS RHYTHM',0.0,0.0,0.0,0.0
'SINUS TACHYCARDIA',0.0,0.0,0.0,3.0
'SINUSITIS',0.0,0.0,0.0,6.0
'SKIN ATROPHY',0.0,0.0,0.0,0.0
'SKIN BLEEDING',0.0,0.0,0.0,0.0
'SKIN BURNING SENSATION',0.0,0.0,0.0,9.0
'SKIN CANCER',0.0,0.0,0.0,1.0
'SKIN CANDIDA',0.0,0.0,0.0,0.0
'SKIN CARCINOMA',0.0,0.0,0.0,0.0
'SKIN DEPIGMENTATION',0.0,0.0,0.0,0.0
'SKIN DESQUAMATION',0.0,0.0,0.0,0.0
'SKIN DISCOLOURATION',0.15,0.67,0.09,23.0
'SKIN DISORDER',0.0,0.0,0.0,14.0
'SKIN EXFOLIATION',0.31,1.0,0.18,11.0
'SKIN FISSURES',0.0,0.0,0.0,0.0
'SKIN HAEMORRHAGE',0.0,0.0,0.0,3.0
'SKIN HYPERPIGMENTATION',0.0,0.0,0.0,4.0
'SKIN HYPERTROPHY',0.0,0.0,0.0,1.0
'SKIN INDURATION',0.0,0.0,0.0,0.0
'SKIN INFECTION',0.0,0.0,0.0,3.0
'SKIN INFLAMMATION',0.0,0.0,0.0,0.0
'SKIN INJURY',0.0,0.0,0.0,0.0
'SKIN IRRITATION',0.0,0.0,0.0,29.0
'SKIN LACERATION',0.0,0.0,0.0,0.0
'SKIN LESION',0.0,0.0,0.0,6.0
'SKIN MASS',0.0,0.0,0.0,0.0
'SKIN ODOUR ABNORMAL',0.0,0.0,0.0,1.0
'SKIN REACTION',0.0,0.0,0.0,1.0
'SKIN SENSITISATION',0.0,0.0,0.0,6.0
'SKIN SWELLING',0.0,0.0,0.0,0.0
'SKIN TIGHTNESS',0.0,0.0,0.0,0.0
'SKIN WARM',0.0,0.0,0.0,1.0
'SKIN WOUND',0.0,0.0,0.0,0.0
'SKIN WRINKLING',0.0,0.0,0.0,0.0
'SLEEP DISORDER',0.31,0.67,0.2,10.0
'SLEEP WALKING',0.0,0.0,0.0,0.0
'SLOW VIRUS INFECTION',0.0,0.0,0.0,1.0
'SLUGGISHNESS',0.0,0.0,0.0,3.0
'SMALL FOR DATES BABY',0.0,0.0,0.0,0.0
'SMALL INTESTINAL OBSTRUCTION',0.0,0.0,0.0,0.0
'SMALL INTESTINE ULCER',0.0,0.0,0.0,0.0
'SNEEZING',0.0,0.0,0.0,5.0
'SOFT TISSUE INJURY',0.0,0.0,0.0,0.0
'SOMNAMBULISM',0.0,0.0,0.0,0.0
'SOMNOLENCE',0.0,0.0,0.0,22.0
'SPEECH DISORDER DEVELOPMENTAL',0.0,0.0,0.0,0.0
'SPEECH DISORDER',0.0,0.0,0.0,5.0
'SPINAL COLUMN STENOSIS',0.0,0.0,0.0,0.0
'SPINAL CORD INJURY',0.0,0.0,0.0,0.0
'SPINAL DISORDER',0.0,0.0,0.0,1.0
'SPINAL FRACTURE',0.0,0.0,0.0,2.0
'SPINAL OSTEOARTHRITIS',0.0,0.0,0.0,1.0
'SPINAL PAIN',0.0,0.0,0.0,0.0
'SPLEEN OPERATION',0.0,0.0,0.0,4.0
'SPONTANEOUS HAEMORRHAGE',0.0,0.0,0.0,1.0
'SPONTANEOUS PENILE ERECTION',0.0,0.0,0.0,0.0
'SQUAMOUS CELL CARCINOMA',0.0,0.0,0.0,1.0
'STAG HORN CALCULUS',0.0,0.0,0.0,1.0
'STAPHYLOCOCCAL INFECTION',0.0,0.0,0.0,5.0
'STAPHYLOCOCCAL SKIN INFECTION',0.0,0.0,0.0,0.0
'STATUS EPILEPTICUS',0.0,0.0,0.0,0.0
'STEATORRHOEA',0.0,0.0,0.0,3.0
'STENT PLACEMENT',0.0,0.0,0.0,0.0
'STEVENS-JOHNSON SYNDROME',0.0,0.0,0.0,2.0
'STILLBIRTH',0.0,0.0,0.0,0.0
'STOMACH DISCOMFORT',0.0,0.0,0.0,15.0
'STOMACH MASS',0.0,0.0,0.0,1.0
'STOMATITIS',0.0,0.0,0.0,3.0
'STOOLS WATERY',0.0,0.0,0.0,0.0
'STRESS SYMPTOMS',0.0,0.0,0.0,1.0
'STRESS',0.0,0.0,0.0,9.0
'STRIDOR',0.0,0.0,0.0,0.0
'SUBARACHNOID HAEMORRHAGE',0.0,0.0,0.0,2.0
'SUBCUTANEOUS ABSCESS',0.0,0.0,0.0,0.0
'SUBDURAL HAEMATOMA',0.0,0.0,0.0,1.0
'SUDDEN CARDIAC DEATH',0.0,0.0,0.0,0.0
'SUDDEN DEATH',0.0,0.0,0.0,0.0
'SUDDEN HEARING LOSS',0.0,0.0,0.0,0.0
'SUDDEN ONSET OF SLEEP',0.0,0.0,0.0,0.0
'SUICIDAL BEHAVIOUR',0.0,0.0,0.0,0.0
'SUICIDAL IDEATION',0.0,0.0,0.0,9.0
'SUICIDE ATTEMPT',0.0,0.0,0.0,0.0
'SUNBURN',0.0,0.0,0.0,1.0
'SUPERIOR MESENTERIC ARTERY SYNDROME',0.0,0.0,0.0,0.0
'SUPRAVENTRICULAR EXTRASYSTOLES',0.0,0.0,0.0,0.0
'SUPRAVENTRICULAR TACHYCARDIA',0.0,0.0,0.0,6.0
'SURGERY',0.0,0.0,0.0,2.0
'SWELLING FACE',0.04,0.11,0.02,47.0
'SWELLING',0.18,0.61,0.1,106.0
'SWOLLEN TONGUE',0.05,1.0,0.03,38.0
'SYMPATHECTOMY',0.0,0.0,0.0,0.0
'SYNCOPE VASOVAGAL',0.0,0.0,0.0,1.0
'SYNCOPE',0.06,0.4,0.03,64.0
'SYSTEMIC INFLAMMATORY RESPONSE SYNDROME',0.0,0.0,0.0,0.0
'SYSTEMIC LUPUS ERYTHEMATOSUS',0.0,0.0,0.0,7.0
'TACHYARRHYTHMIA',0.0,0.0,0.0,1.0
'TACHYCARDIA',0.0,0.0,0.0,29.0
'TACHYPHRENIA',0.0,0.0,0.0,1.0
'TACHYPNOEA',0.0,0.0,0.0,1.0
'TEMPERATURE INTOLERANCE',0.0,0.0,0.0,1.0
'TEMPOROMANDIBULAR JOINT SYNDROME',0.0,0.0,0.0,0.0
'TENDERNESS',0.09,0.17,0.06,16.0
'TENDON INJURY',0.0,0.0,0.0,0.0
'TENDON RUPTURE',0.0,0.0,0.0,0.0
'TENDONITIS',0.0,0.0,0.0,3.0
'TENSION',0.0,0.0,0.0,0.0
'TESTICULAR ATROPHY',1.0,1.0,1.0,1.0
'TESTICULAR PAIN',0.0,0.0,0.0,0.0
'TESTICULAR SWELLING',0.0,0.0,0.0,0.0
'TETANUS',0.0,0.0,0.0,1.0
'THERAPEUTIC AGENT TOXICITY',0.0,0.0,0.0,0.0
'THERAPEUTIC PRODUCT INEFFECTIVE',0.0,0.0,0.0,0.0
'THERAPEUTIC RESPONSE UNEXPECTED',0.0,0.0,0.0,2.0
'THERMAL BURN',0.0,0.0,0.0,4.0
'THINKING ABNORMAL',0.0,0.0,0.0,5.0
'THIRST',0.25,0.5,0.17,6.0
'THORACIC OUTLET SYNDROME',0.0,0.0,0.0,0.0
'THOUGHT BLOCKING',0.0,0.0,0.0,3.0
'THROAT CANCER',0.0,0.0,0.0,1.0
'THROAT IRRITATION',0.06,0.5,0.03,68.0
'THROAT LESION',0.0,0.0,0.0,0.0
'THROAT TIGHTNESS',0.0,0.0,0.0,45.0
'THROMBOCYTOPENIA',0.5,1.0,0.33,3.0
'THROMBOCYTOPENIC PURPURA',0.0,0.0,0.0,0.0
'THROMBOSIS',0.0,0.0,0.0,23.0
'THYROID CANCER',0.0,0.0,0.0,4.0
'THYROID DISORDER',0.0,0.0,0.0,6.0
'THYROID FUNCTION TEST ABNORMAL',0.0,0.0,0.0,7.0
'THYROID MASS',0.0,0.0,0.0,2.0
'THYROID NEOPLASM',0.0,0.0,0.0,1.0
'THYROID NODULE',0.0,0.0,0.0,0.0
'THYROIDECTOMY',0.0,0.0,0.0,0.0
'THYROIDITIS ACUTE',0.0,0.0,0.0,2.0
'THYROTOXICOSIS',0.0,0.0,0.0,0.0
'THYROXINE DECREASED',0.0,0.0,0.0,0.0
'THYROXINE FREE DECREASED',0.0,0.0,0.0,0.0
'THYROXINE FREE INCREASED',0.0,0.0,0.0,0.0
'TIBIA FRACTURE',0.0,0.0,0.0,1.0
'TIC',0.0,0.0,0.0,0.0
'TILT TABLE TEST POSITIVE',0.0,0.0,0.0,1.0
'TINNITUS',0.0,0.0,0.0,6.0
'TOE AMPUTATION',0.0,0.0,0.0,0.0
'TONGUE BLACK HAIRY',0.0,0.0,0.0,0.0
'TONGUE BLISTERING',0.0,0.0,0.0,2.0
'TONGUE COATED',0.0,0.0,0.0,0.0
'TONGUE DISCOLOURATION',0.0,0.0,0.0,0.0
'TONGUE DISORDER',0.0,0.0,0.0,0.0
'TONGUE DRY',0.0,0.0,0.0,0.0
'TONGUE EXFOLIATION',0.0,0.0,0.0,0.0
'TONGUE HAEMORRHAGE',0.67,0.5,1.0,1.0
'TONGUE INJURY',0.0,0.0,0.0,0.0
'TONGUE NEOPLASM',0.0,0.0,0.0,0.0
'TONGUE OEDEMA',0.67,0.67,0.67,3.0
'TONGUE PARALYSIS',0.0,0.0,0.0,1.0
'TONSIL CANCER',0.0,0.0,0.0,0.0
'TONSILLITIS',0.0,0.0,0.0,0.0
'TOOTH ABSCESS',0.0,0.0,0.0,1.0
'TOOTH DISORDER',0.0,0.0,0.0,3.0
'TOOTH EXTRACTION',0.0,0.0,0.0,0.0
'TOOTH FRACTURE',0.0,0.0,0.0,6.0
'TOOTH INFECTION',0.0,0.0,0.0,0.0
'TOOTH INJURY',0.18,0.33,0.12,8.0
'TOOTH LOSS',0.0,0.0,0.0,1.0
'TOOTHACHE',0.0,0.0,0.0,6.0
'TOXICITY TO VARIOUS AGENTS',0.0,0.0,0.0,4.0
'TOXICOLOGIC TEST ABNORMAL',0.0,0.0,0.0,0.0
'TRACHEAL OBSTRUCTION',0.0,0.0,0.0,4.0
'TRACHEOSTOMY',0.0,0.0,0.0,0.0
'TRANSAMINASES INCREASED',0.0,0.0,0.0,5.0
'TRANSFUSION',0.0,0.0,0.0,1.0
'TRANSIENT GLOBAL AMNESIA',0.0,0.0,0.0,3.0
'TRANSIENT ISCHAEMIC ATTACK',0.0,0.0,0.0,26.0
'TRANSITIONAL CELL CARCINOMA',0.0,0.0,0.0,0.0
'TRANSPLANT REJECTION',0.0,0.0,0.0,0.0
'TRANSURETHRAL PROSTATECTOMY',0.0,0.0,0.0,0.0
'TRAUMATIC BRAIN INJURY',0.0,0.0,0.0,0.0
'TREMOR',0.08,0.67,0.04,47.0
'TRICHORRHEXIS',0.04,0.33,0.02,53.0
'TRIGEMINAL NEURALGIA',0.0,0.0,0.0,1.0
'TRISMUS',0.0,0.0,0.0,4.0
'TRISOMY 21',0.0,0.0,0.0,0.0
'TROPONIN INCREASED',0.0,0.0,0.0,1.0
'TUNNEL VISION',0.0,0.0,0.0,1.0
'TYMPANIC MEMBRANE PERFORATION',0.0,0.0,0.0,1.0
'TYPE 1 DIABETES MELLITUS',0.0,0.0,0.0,0.0
'TYPE 2 DIABETES MELLITUS',0.0,0.0,0.0,7.0
'ULCER HAEMORRHAGE',0.0,0.0,0.0,2.0
'ULCER',0.0,0.0,0.0,7.0
'ULTRASOUND BREAST ABNORMAL',0.0,0.0,0.0,0.0
'UNDERDOSE',0.57,1.0,0.4,5.0
'UNDERWEIGHT',0.0,0.0,0.0,0.0
'UNEVALUABLE EVENT',0.0,0.0,0.0,1.0
'UNRESPONSIVE TO STIMULI',0.0,0.0,0.0,4.0
'UNSPECIFIED AGENT EXPOSURE DURING PREGNANCY',0.0,0.0,0.0,0.0
'UPPER AIRWAY OBSTRUCTION',0.0,0.0,0.0,8.0
'UPPER GASTROINTESTINAL HAEMORRHAGE',0.0,0.0,0.0,1.0
'UPPER LIMB FRACTURE',0.0,0.0,0.0,2.0
'UPPER RESPIRATORY TRACT INFECTION',0.0,0.0,0.0,3.0
'UPPER-AIRWAY COUGH SYNDROME',0.0,0.0,0.0,1.0
'URETERAL STENT INSERTION',0.0,0.0,0.0,0.0
'URETHRAL DISCHARGE',0.0,0.0,0.0,0.0
'URETHRAL OBSTRUCTION',0.0,0.0,0.0,0.0
'URETHRAL PAIN',0.0,0.0,0.0,0.0
'URETHRITIS',0.0,0.0,0.0,0.0
'URGE INCONTINENCE',0.0,0.0,0.0,0.0
'URINARY BLADDER HAEMORRHAGE',0.0,0.0,0.0,1.0
'URINARY HESITATION',0.0,0.0,0.0,3.0
'URINARY INCONTINENCE',0.0,0.0,0.0,2.0
'URINARY RETENTION',0.0,0.0,0.0,4.0
'URINARY TRACT DISORDER',0.4,0.33,0.5,2.0
'URINARY TRACT INFECTION',0.06,1.0,0.03,31.0
'URINARY TRACT INFLAMMATION',0.0,0.0,0.0,2.0
'URINARY TRACT OBSTRUCTION',0.0,0.0,0.0,3.0
'URINARY TRACT PAIN',0.0,0.0,0.0,1.0
'URINE ABNORMALITY',0.0,0.0,0.0,0.0
'URINE AMINO ACID LEVEL INCREASED',0.0,0.0,0.0,0.0
'URINE AMPHETAMINE POSITIVE',0.0,0.0,0.0,1.0
'URINE AMYLASE ABNORMAL',0.0,0.0,0.0,1.0
'URINE ANALYSIS ABNORMAL',0.0,0.0,0.0,2.0
'URINE ARSENIC INCREASED',0.0,0.0,0.0,0.0
'URINE CALCIUM INCREASED',0.0,0.0,0.0,1.0
'URINE COLOUR ABNORMAL',0.0,0.0,0.0,2.0
'URINE FLOW DECREASED',0.0,0.0,0.0,1.0
'URINE ODOUR ABNORMAL',0.0,0.0,0.0,1.0
'URINE OUTPUT DECREASED',0.0,0.0,0.0,1.0
'URINE OUTPUT INCREASED',0.0,0.0,0.0,0.0
'URINE PROTEIN',0.0,0.0,0.0,0.0
'URINE VISCOSITY INCREASED',0.0,0.0,0.0,0.0
'UROGENITAL DISORDER',0.0,0.0,0.0,7.0
'UROGENITAL HAEMORRHAGE',0.0,0.0,0.0,0.0
'URTICARIA GENERALISED',0.0,0.0,0.0,0.0
'URTICARIA PHYSICAL',0.0,0.0,0.0,0.0
'URTICARIA',0.11,0.39,0.07,196.0
'UTERINE CANCER',0.0,0.0,0.0,0.0
'UTERINE CONTRACTIONS DURING PREGNANCY',0.0,0.0,0.0,0.0
'UTERINE DISORDER',0.0,0.0,0.0,0.0
'UTERINE ENLARGEMENT',0.0,0.0,0.0,1.0
'UTERINE HAEMORRHAGE',0.0,0.0,0.0,1.0
'UTERINE LEIOMYOMA',0.0,0.0,0.0,2.0
'UTERINE SPASM',0.0,0.0,0.0,0.0
'UVEITIS',0.0,0.0,0.0,0.0
'VAGINAL BURNING SENSATION',0.0,0.0,0.0,1.0
'VAGINAL DISCHARGE',0.0,0.0,0.0,2.0
'VAGINAL HAEMORRHAGE',0.0,0.0,0.0,13.0
'VAGINAL INFECTION',0.0,0.0,0.0,1.0
'VAGINAL MYCOSIS',0.0,0.0,0.0,0.0
'VAGINAL ODOUR',0.0,0.0,0.0,1.0
'VAGINAL POLYP',0.0,0.0,0.0,0.0
'VAGINAL SWELLING',0.0,0.0,0.0,0.0
'VAGINISMUS',0.0,0.0,0.0,0.0
'VAGUS NERVE DISORDER',0.0,0.0,0.0,0.0
'VARICES OESOPHAGEAL',0.0,0.0,0.0,0.0
'VARICOSE VEIN',0.0,0.0,0.0,0.0
'VASCULAR CALCIFICATION',0.0,0.0,0.0,0.0
'VASCULAR CAUTERISATION',0.0,0.0,0.0,0.0
'VASCULAR GRAFT',0.0,0.0,0.0,1.0
'VASCULAR INJURY',0.0,0.0,0.0,3.0
'VASCULAR RUPTURE',0.0,0.0,0.0,0.0
'VASCULITIS',0.0,0.0,0.0,3.0
'VASODILATATION',0.0,0.0,0.0,0.0
'VENTRICULAR ARRHYTHMIA',0.0,0.0,0.0,0.0
'VENTRICULAR EXTRASYSTOLES',0.0,0.0,0.0,1.0
'VENTRICULAR FIBRILLATION',0.33,1.0,0.2,5.0
'VENTRICULAR TACHYCARDIA',0.0,0.0,0.0,3.0
'VERTIGO POSITIONAL',0.0,0.0,0.0,1.0
'VERTIGO',0.1,1.0,0.05,19.0
'VESTIBULAR DISORDER',0.0,0.0,0.0,1.0
'VIITH NERVE PARALYSIS',0.0,0.0,0.0,1.0
'VIRAL HAEMORRHAGIC CYSTITIS',0.0,0.0,0.0,0.0
'VIRAL INFECTION',0.0,0.0,0.0,1.0
'VIRAL TEST POSITIVE',0.0,0.0,0.0,3.0
'VISION BLURRED',0.13,0.5,0.08,40.0
'VISUAL ACUITY REDUCED',0.18,1.0,0.1,10.0
'VISUAL DISTURBANCE',0.0,0.0,0.0,8.0
'VISUAL FIELD DEFECT',0.0,0.0,0.0,4.0
'VISUAL IMPAIRMENT',0.08,0.2,0.05,20.0
'VISUAL',0.0,0.0,0.0,0.0
'VITAMIN B1 DEFICIENCY',0.0,0.0,0.0,0.0
'VITAMIN B12 DECREASED',0.0,0.0,0.0,0.0
'VITAMIN B12 INCREASED',0.0,0.0,0.0,4.0
'VITAMIN B2 INCREASED',0.0,0.0,0.0,0.0
'VITAMIN B6 INCREASED',0.0,0.0,0.0,6.0
'VITAMIN D DECREASED',0.0,0.0,0.0,3.0
'VITAMIN D DEFICIENCY',0.0,0.0,0.0,2.0
'VITAMIN D INCREASED',0.0,0.0,0.0,2.0
'VITAMIN K DEFICIENCY',0.0,0.0,0.0,0.0
'VITILIGO',0.0,0.0,0.0,1.0
'VITREOUS DETACHMENT',0.0,0.0,0.0,0.0
'VITREOUS FLOATERS',0.0,0.0,0.0,0.0
'VOCAL CORD DISORDER',0.0,0.0,0.0,0.0
'VOCAL CORD PARALYSIS',0.0,0.0,0.0,1.0
'VOLUME BLOOD DECREASED',0.0,0.0,0.0,1.0
'VOLVULUS',0.0,0.0,0.0,0.0
'VOMITING IN PREGNANCY',0.0,0.0,0.0,0.0
'VOMITING PROJECTILE',0.33,0.5,0.25,4.0
'VOMITING',0.36,0.55,0.27,615.0
'VULVAL CANCER',0.0,0.0,0.0,0.0
'VULVOVAGINAL DISCOMFORT',0.0,0.0,0.0,0.0
'VULVOVAGINAL DRYNESS',0.0,0.0,0.0,0.0
'VULVOVAGINAL PAIN',0.0,0.0,0.0,0.0
'VULVOVAGINAL PRURITUS',0.0,0.0,0.0,0.0
'WATER INTOXICATION',0.0,0.0,0.0,1.0
'WEIGHT ABNORMAL',0.0,0.0,0.0,0.0
'WEIGHT DECREASED',0.11,0.6,0.06,50.0
'WEIGHT FLUCTUATION',0.0,0.0,0.0,1.0
'WEIGHT GAIN POOR',0.0,0.0,0.0,0.0
'WEIGHT INCREASED',0.07,1.0,0.04,26.0
'WHEEZING',0.0,0.0,0.0,18.0
'WHITE BLOOD CELL COUNT ABNORMAL',0.0,0.0,0.0,0.0
'WHITE BLOOD CELL COUNT DECREASED',0.0,0.0,0.0,0.0
'WHITE BLOOD CELL COUNT INCREASED',0.0,0.0,0.0,3.0
'WHITE MATTER LESION',0.0,0.0,0.0,0.0
'WHOLE BLOOD TRANSFUSION',0.0,0.0,0.0,0.0
'WITHDRAWAL SYNDROME',0.0,0.0,0.0,1.0
'WOUND DRAINAGE',0.0,0.0,0.0,0.0
'WOUND HAEMORRHAGE',0.0,0.0,0.0,2.0
'WOUND INFECTION',0.0,0.0,0.0,0.0
'WOUND SECRETION',0.0,0.0,0.0,0.0
'WOUND',0.0,0.0,0.0,7.0
'WRIST FRACTURE',0.0,0.0,0.0,2.0
'WRONG DRUG ADMINISTERED',0.0,0.0,0.0,1.0
'WRONG TECHNIQUE IN DRUG USAGE PROCESS',0.0,0.0,0.0,2.0
'X-RAY ABNORMAL',0.0,0.0,0.0,1.0
'YAWNING',0.0,0.0,0.0,0.0
'YELLOW SKIN',0.0,0.0,0.0,10.0
'YERSINIA INFECTION',0.0,0.0,0.0,1.0
avg/total,0.02,0.06,0.02,16579.0
